ID,NAME,DOB,TRAINER,GENDER,SIRE,DAM,OWNER
0075028,Tubular Bells (USA),13th July 2021,H A Pantall,Filly,-,-,-
0075026,Korovos (FR),13th July 2021,Mlle H Mennessier,Gelding,-,-,-
0075022,Barouk (FR),13th July 2021,J M Beguigne,Mare,-,-,-
0075021,Our Apolonia (IRE),13th July 2021,A Berry,Filly,-,-,-
0075024,Elbrus (USA),13th July 2021,Boutin (s),Mare,-,-,-
0075023,Turjuman (USA),13th July 2021,S G West,Gelding,-,-,-
0075029,Royale Again (FR),13th July 2021,D De Waele,Filly,-,-,-
0075037,Lady Luiz (FR),13th July 2021,D Jehl,Filly,-,-,-
0075043,Imaam,13th July 2021,J L Dunlop,Colt,-,-,-
0075039,Chocolicious (IRE),13th July 2021,B Smart,Filly,-,-,-
0075027,Takizada (IRE),13th July 2021,J Gask,Filly,-,-,-
0075041,Brad's Luck (IRE),13th July 2021,M Blanshard,Gelding,-,-,-
0075036,Vertueux (FR),13th July 2021,A W Carroll,Gelding,-,-,-
0075038,Arabian Flame (IRE),13th July 2021,S Fahey,Gelding,-,-,-
0075044,Itlaaq,25th March 2006,M W Easterby,Gelding,Alhaarth,Hathrah,Mr M W Easterby
0075054,Minenotyours (IRE),13th July 2021,D E Cantillon,Gelding,-,-,-
0075042,Doctor Crane (USA),13th July 2021,D Nicholls,Gelding,-,-,-
0075058,Howard,13th July 2021,J L Dunlop,Colt,-,-,-
0075052,Unawatuna,13th July 2021,Mrs K Walton,Mare,-,-,-
0075056,Are Can (USA),13th July 2021,J S Wainwright,Colt,-,-,-
0075053,Sponge,13th July 2021,Norma Twomey,Gelding,-,-,-
0075057,Dazinski,13th July 2021,Henry Oliver,Gelding,-,-,-
0075051,Kritzia,13th July 2021,Sir H R A Cecil,Filly,-,-,-
0075069,Tara Two Hills,13th July 2021,A J Honeyball,Filly,-,-,-
0075059,Ocean's Minstrel,13th July 2021,J Ryan,Gelding,-,-,-
0075066,Queen of Thebes (IRE),13th July 2021,S Kirk,Filly,-,-,-
0075068,Forge Valley,25th April 2004,Miss G Walton,Gelding,Bollin William,Scalby Clipper,Mr James Latham
0075030,Austria (GER),13th July 2021,N souchon,Filly,-,-,-
0075025,Taverny,13th July 2021,S Wattel,Gelding,-,-,-
0075033,Indian Daffodil (IRE),13th July 2021,S Wattel,Colt,-,-,-
0075031,Source De Vie (FR),13th July 2021,D Sepulchre,Filly,-,-,-
0075067,Baltic Pathfinder (IRE),13th July 2021,Martin Smith,Gelding,-,-,-
0075032,In Chambers,13th July 2021,M Delzangles,Gelding,-,-,-
0075035,Le Choriste (FR),13th July 2021,C Plisson,Gelding,-,-,-
0075040,Acclaim To Fame (IRE),13th July 2021,D W Whillans,Gelding,-,-,-
0075045,Makhaaleb (IRE),13th July 2021,P Stafford,Gelding,-,-,-
0075048,Stirling Castle,13th July 2021,<a href="/racing/profiles/trainer/undefined">,Colt,-,-,-
0075047,Ruud Revenge (USA),13th July 2021,G E Burton,Gelding,-,-,-
0075046,Royal Defence (IRE),13th July 2021,R Ford,Gelding,-,-,-
0075034,Singapore Tramp (FR),13th July 2021,P Cottin,Gelding,-,-,-
0075050,Can Can Dancer,13th July 2021,C Smith,Mare,-,-,-
0075055,Ziggy Lee,13th July 2021,P Hedger,Gelding,-,-,-
0075063,Colourful Move,13th July 2021,P G Murphy,Horse,-,-,-
0075049,Zacinto,13th July 2021,Sir Michael Stoute,Horse,-,-,-
0075060,Worth A King's,13th July 2021,P A Kirby,Gelding,-,-,-
0075103,Man Of Iron (USA),13th July 2021,L M Cumani,Horse,-,-,-
0075062,Silver Print (USA),13th July 2021,W R Swinburn,Gelding,-,-,-
0075061,Gearbox (IRE),13th July 2021,D Thompson,Gelding,-,-,-
0075065,Starburst,13th July 2021,B G Powell,Mare,-,-,-
0075064,Manchestermaverick (USA),13th July 2021,Dr J R J Naylor,Gelding,-,-,-
0075070,Termon Boy,13th July 2021,P W Hiatt,Gelding,-,-,-
0075118,Shadows' Whispers (IRE),13th July 2021,J G Burns,Filly,-,-,-
0075133,Yelena Garde (FR),13th July 2021,Mlle S Sine,Filly,-,-,-
0075099,Force Of Habit,13th July 2021,Miss J E Foster,Gelding,-,-,-
0075098,Cruciform (IRE),13th July 2021,D Nicholls,Gelding,-,-,-
0075097,Born To Be King,2nd March 2016,Francine Villeneuve,Gelding,Head Chopper,Born To Be Queen,John Scott
0075101,Liebermann (GER),13th July 2021,Mme J Bidgood,Gelding,-,-,-
0075113,Lulu's Flight (IRE),13th July 2021,J P Broderick,Filly,-,-,-
0075112,Intimate Secret (IRE),13th July 2021,D K Weld,Filly,-,-,-
0075116,Polly Ella (IRE),13th July 2021,H Rogers,Mare,-,-,-
0075114,Marina Of Venice (IRE),13th July 2021,J S Bolger,Filly,-,-,-
0075128,Halaziya (IRE),13th July 2021,M Halford,Filly,-,-,-
0075100,John Veale (USA),13th July 2021,T McLaughlin,Gelding,-,-,-
0075127,Gold Blossom (IRE),13th July 2021,D Wachman,Filly,-,-,-
0075129,Royal Arruhan,13th July 2021,A Mullins,Filly,-,-,-
0075131,Rio Grando,13th July 2021,J d Moore,Gelding,-,-,-
0075111,High Queen (IRE),13th July 2021,J J Murphy,Filly,-,-,-
0075102,Liszt (IRE),13th July 2021,M Torrens,Gelding,-,-,-
0075143,Touching (IRE),13th July 2021,R Hannon,Filly,-,-,-
0075142,Silver Salsa,13th July 2021,J R Jenkins,Filly,-,-,-
0075144,Tidal Force (USA),13th July 2021,A J McCabe,Gelding,-,-,-
0075104,My Boy Jack (IRE),13th July 2021,T Stack,Colt,-,-,-
0075115,Oui Say Oui (IRE),13th July 2021,T Stack,Filly,-,-,-
0075126,Call Me Alice (USA),13th July 2021,D Wachman,Filly,-,-,-
0075117,Pride Celebre (IRE),13th July 2021,R Gibson,Filly,-,-,-
0075130,Uvpaintedupyurlips (IRE),13th July 2021,D J Ryan,Filly,-,-,-
0075105,Popspeed (IRE),13th July 2021,D K Weld,Gelding,-,-,-
0075119,Directa King (GER),13th July 2021,D K Weld,Gelding,-,-,-
0075132,Watson's Bay,13th July 2021,P Howling,Colt,-,-,-
0075107,Sea The Stars (IRE),13th July 2021,J M Oxx,Colt,-,-,-
0075141,Jiggalong,13th July 2021,Mrs D Thomas,Mare,-,-,-
0075120,Paidrin (USA),13th July 2021,J S Bolger,Filly,-,-,-
0075122,Dawal (IRE),13th July 2021,E Doyle,Gelding,-,-,-
0075108,Chorus Of Angels,13th July 2021,D Wachman,Filly,-,-,-
0075134,Vallee D'anjou (FR),13th July 2021,Chirurgien (s),Filly,-,-,-
0075110,Firey Red (IRE),13th July 2021,D K Weld,Filly,-,-,-
0075106,Rip Van Winkle (IRE),13th July 2021,A P O'Brien,Colt,-,-,-
0075109,Definite Opinion (IRE),13th July 2021,J T Gorman,Filly,-,-,-
0075123,Chika Boom (IRE),13th July 2021,D M Fogarty,Filly,-,-,-
0075137,Dream of Olwyn (IRE),13th July 2021,J G Given,Mare,-,-,-
0075135,Wee Bizzom,13th July 2021,A Berry,Filly,-,-,-
0075125,Wild And Innocent (IRE),13th July 2021,J T Gorman,Gelding,-,-,-
0075121,Ballyhaunis,13th July 2021,W P Mullins,Gelding,-,-,-
0075124,De Senectute (IRE),13th July 2021,W P Mullins,Filly,-,-,-
0075138,Shaylee,13th July 2021,T D Walford,Filly,-,-,-
0075140,Imaginary Diva,13th July 2021,G G Margarson,Mare,-,-,-
0075139,Happy Forever (FR),13th July 2021,M Botti,Filly,-,-,-
0075136,Give Us A Song (USA),13th July 2021,J S Moore,Gelding,-,-,-
0075154,Lion's Share,24th January 2015,Roger Attfield,Gelding,Animal Kingdom,Miss Lombardi,Nk Racing
0075193,Cash In The Attic,13th July 2021,M R Channon,Filly,-,-,-
0075191,Yxes (IRE),13th July 2021,E J Creighton,Filly,-,-,-
0075190,Kaiser Willie (IRE),13th July 2021,B W Duke,Gelding,-,-,-
0075192,Carina Nebula (USA),13th July 2021,T G Mills,Filly,-,-,-
0075199,Whispering Spirit (IRE),13th July 2021,Mrs A Duffield,Mare,-,-,-
0075198,Straboe (USA),13th July 2021,S C Williams,Gelding,-,-,-
0075194,Dubai Express,13th July 2021,Jason Cairns,Mare,-,-,-
0075195,Mary Mason,13th July 2021,James Moffatt,Filly,-,-,-
0075197,Petrenko,13th July 2021,R A Fahey,Colt,-,-,-
0075196,Off Hand,13th July 2021,T D Easterby,Filly,-,-,-
0075251,Molly Two,13th July 2021,L A Mullaney,Mare,-,-,-
0075253,Hand Painted,13th July 2021,A Middleton,Gelding,-,-,-
0075266,The Duckster (IRE),13th July 2021,R G Hawker,Gelding,-,-,-
0075248,Franali (IRE),13th July 2021,R F Fisher,Filly,-,-,-
0075249,Carhue Princess (IRE),13th July 2021,T Symonds,Mare,-,-,-
0075263,Answer Me (IRE),13th July 2021,Mrs M Hobbs,Gelding,-,-,-
0075246,Alpen Glen,13th July 2021,John Berry,Filly,-,-,-
0075264,Coverdale Girl,13th July 2021,Joss Saville,Mare,-,-,-
0075261,When Doves Cry,13th July 2021,B W Hills,Filly,-,-,-
0075258,Efficiency,13th July 2021,M Blanshard,Filly,-,-,-
0075254,Magaling (IRE),13th July 2021,M W Easterby,Gelding,-,-,-
0075247,Digger Derek (IRE),13th July 2021,R A Fahey,Gelding,-,-,-
0075259,Nashmiah (IRE),13th July 2021,C E Brittain,Filly,-,-,-
0075262,Rumline,13th July 2021,W S Kittow,Filly,-,-,-
0075250,Kellies Rocket (IRE),13th July 2021,M Halford,Filly,-,-,-
0075252,Naias (IRE),13th July 2021,R A Fahey,Filly,-,-,-
0075265,Lucky Forteen,13th July 2021,P W Hiatt,Filly,-,-,-
0075255,Black Nun,13th July 2021,S Wynne,Filly,-,-,-
0075257,Desert Bump,13th July 2021,E F Vaughan,Filly,-,-,-
0075245,Across The Rhine (USA),13th July 2021,S Seemar,Gelding,-,-,-
0075260,Protiva,13th July 2021,Karen George,Filly,-,-,-
0075323,Our Nations,13th July 2021,D Carroll,Gelding,-,-,-
0075256,Cumana Bay,13th July 2021,R Hannon,Filly,-,-,-
0075324,Wrecker's Moon (IRE),13th July 2021,T J Etherington,Filly,-,-,-
0075338,River Dee (IRE),13th July 2021,D Donovan,Gelding,-,-,-
0075339,Tax Dodger (IRE),13th July 2021,P Cluskey,Gelding,-,-,-
0075321,Partner (IRE),13th July 2021,F Lippitsch,Gelding,-,-,-
0075328,Nora Mae (IRE),13th July 2021,S Kirk,Filly,-,-,-
0075336,Lady Dinsdale (IRE),13th July 2021,T Keddy,Filly,-,-,-
0075326,Amatara (IRE),13th July 2021,B G Powell,Filly,-,-,-
0075329,Order Order,13th July 2021,Tim Vaughan,Filly,-,-,-
0075322,Respite,13th July 2021,H A Pantall,Filly,-,-,-
0075341,Exit To Fame (IRE),13th July 2021,J J Hanlon,Gelding,-,-,-
0075333,New Adventure,13th July 2021,P &amp; O Cole,Gelding,-,-,-
0075337,Mt Kintyre (IRE),13th July 2021,N J Hawke,Gelding,-,-,-
0075334,Jacobite Prince (IRE),13th July 2021,M H Tompkins,Gelding,-,-,-
0075327,Dream Huntress,13th July 2021,C Hills,Filly,-,-,-
0075325,Always There (IRE),13th July 2021,R Hannon,Filly,-,-,-
0075340,Almonafis (IRE),13th July 2021,Sir Michael Stoute,Colt,-,-,-
0075335,Katie Higgins,13th July 2021,J L Spearing,Filly,-,-,-
0075332,Rubacuori (BRZ),13th July 2021,Frau R Weiemeier,Gelding,-,-,-
0075330,Perfect Pride (USA),13th July 2021,A Aghbash,Mare,-,-,-
0075331,Slant (IRE),13th July 2021,Eve Johnson Houghton,Filly,-,-,-
0075401,Johnny Joe (USA),13th July 2021,Stephen Wilson,Gelding,-,-,-
0075429,Party Animal (FR),13th July 2021,J Phelippon,Gelding,-,-,-
0075403,Sir Oz (USA),13th July 2021,Michael Gorham,Colt,-,-,-
0075428,Faylan (FR),13th July 2021,C Baillet,Colt,-,-,-
0075402,Out Drinkin' (USA),13th July 2021,Barbara Price,Gelding,-,-,-
0075443,Kabougg,13th July 2021,A J McCabe,Filly,-,-,-
0075444,Lucky Numbers (IRE),13th July 2021,D O'Meara,Gelding,-,-,-
0075458,Midnight Cruiser (IRE),13th July 2021,M Gharib,Horse,-,-,-
0075431,Bonjour L'africain (FR),13th July 2021,Collet,Mare,-,-,-
0075433,Full Of Honor (IRE),13th July 2021,J Y Artu,Gelding,-,-,-
0075459,Sixties Swinger (USA),13th July 2021,M A Jarvis,Gelding,-,-,-
0075423,Pacific Life (BEL),13th July 2021,A Hermans,Filly,-,-,-
0075424,Choky Rani (IRE),13th July 2021,P Khozian,Filly,-,-,-
0075446,Fol Liam,13th July 2021,A J McCabe,Gelding,-,-,-
0075448,Reel Hope,13th July 2021,J R Best,Filly,-,-,-
0075432,Beauvoisin (FR),13th July 2021,C Martens,Gelding,-,-,-
0075426,Piste Perdue,13th July 2021,G Kern,Gelding,-,-,-
0075461,Manhattan Sunrise (USA),13th July 2021,Paul Mason,Filly,-,-,-
0075427,Spirit Of The King (FR),13th July 2021,T Larriviere,Gelding,-,-,-
0075463,Sirgarfieldsobers (IRE),13th July 2021,D Carroll,Gelding,-,-,-
0075447,Leadenhall Lass (IRE),13th July 2021,P Phelan,Mare,-,-,-
0075441,Importer (IRE),13th July 2021,W R Muir,Colt,-,-,-
0075476,Arabian Pearl (IRE),13th July 2021,P W Chapple-Hyam,Mare,-,-,-
0075442,Jul's Lad (IRE),13th July 2021,D Carroll,Gelding,-,-,-
0075462,Hail Caesar (IRE),13th July 2021,B Bruneel,Gelding,-,-,-
0075478,Opatja,13th July 2021,G Elliott,Mare,-,-,-
0075430,Cocody (IRE),13th July 2021,Rod Collet,Mare,-,-,-
0075456,Dalradian (IRE),13th July 2021,W J Knight,Gelding,-,-,-
0075434,Baratom (FR),13th July 2021,Chirurgien (s),Gelding,-,-,-
0075457,Granski (IRE),13th July 2021,P Delaney,Gelding,-,-,-
0075445,Paddyntrev Bakfavs (IRE),13th July 2021,T D Easterby,Gelding,-,-,-
0075477,Bawnrush (IRE),13th July 2021,H Rogers,Filly,-,-,-
0075449,Saints Bay (IRE),13th July 2021,S D Dixon,Filly,-,-,-
0075453,Appraisal,13th July 2021,R Hannon,Colt,-,-,-
0075460,Curtain Up,13th July 2021,M W Easterby,Gelding,-,-,-
0075454,Causeway King (USA),13th July 2021,A M Hales,Gelding,-,-,-
0075464,Case And Point,13th July 2021,B R Hamilton,Gelding,-,-,-
0075425,Keep Change (FR),13th July 2021,A Althoffer,Filly,-,-,-
0075422,Volez (IRE),13th July 2021,Rod Collet,Filly,-,-,-
0075475,Like Magic (IRE),13th July 2021,P Martin,Gelding,-,-,-
0075506,Gamedor (FR),13th July 2021,D O'Brien,Gelding,-,-,-
0075479,Another Wexican (IRE),13th July 2021,H De Bromhead,Gelding,-,-,-
0075486,Plane Image (USA),13th July 2021,Richard Small,Colt,-,-,-
0075521,Tardrou (FR),13th July 2021,J L Dubord,Gelding,-,-,-
0075507,Seconde Garde (FR),13th July 2021,D Windrif,Filly,-,-,-
0075504,Gue Desert (FR),13th July 2021,J Rossi,Gelding,-,-,-
0075501,Coquind'ouilly (FR),13th July 2021,F Lenglart,Gelding,-,-,-
0075503,Laomedon (FR),13th July 2021,Chirurgien (s),Gelding,-,-,-
0075435,L'impetueux (FR),13th July 2021,P Khozian,Gelding,-,-,-
0075522,Baikonour (USA),13th July 2021,J Morin,Mare,-,-,-
0075518,Marinous (FR),13th July 2021,F Head,Gelding,-,-,-
0075523,Ice And Shiny (FR),13th July 2021,P Monfort,Gelding,-,-,-
0075516,Cotes D'armor (FR),13th July 2021,H A Pantall,Filly,-,-,-
0075519,Guewn Du Rheu (FR),13th July 2021,D Prod'homme,Gelding,-,-,-
0075450,Security Joan (IRE),13th July 2021,R Hannon,Filly,-,-,-
0075455,Chiberta King,13th July 2021,A M Balding,Gelding,-,-,-
0075452,Tampopo (IRE),13th July 2021,D J S Ffrench Davis,Gelding,-,-,-
0075505,La Maddalena (FR),13th July 2021,C Martens,Mare,-,-,-
0075502,Fine Beauty (BEL),13th July 2021,J M Capitte,Filly,-,-,-
0075517,Palermo Viejo (IRE),13th July 2021,A Fabre,Colt,-,-,-
0075520,Dwilano (GER),13th July 2021,Boutin (s),Colt,-,-,-
0075421,Peach Pearl,13th July 2021,Y De Nicolay,Filly,-,-,-
0075524,Baldounet (FR),13th July 2021,G Le Paysan,Gelding,-,-,-
0075566,Sampower Rose (IRE),13th July 2021,D Carroll,Filly,-,-,-
0075513,Nandi (USA),13th July 2021,A Fabre,Filly,-,-,-
0075567,Onebidkintymill (IRE),13th July 2021,R Hollinshead,Gelding,-,-,-
0075564,Gee Gina,13th July 2021,P T Midgley,Filly,-,-,-
0075482,Slave Hill (IRE),13th July 2021,W P Mullins,Filly,-,-,-
0075581,My Dixie Darling (USA),13th July 2021,R Hannon,Filly,-,-,-
0075579,Lady Master,13th July 2021,Ms J S Doyle,Filly,-,-,-
0075480,Checkherout (IRE),13th July 2021,N G Hynds,Filly,-,-,-
0075596,Fastey (IRE),13th July 2021,D M O'Brien,Gelding,-,-,-
0075563,Arriva La Diva,13th July 2021,Miss L A Perratt,Mare,-,-,-
0075594,Fathzo (IRE),13th July 2021,G Keane,Gelding,-,-,-
0075568,Diggeratt (USA),13th July 2021,George Baker,Filly,-,-,-
0075582,Liberty Trail (IRE),13th July 2021,P D Evans,Gelding,-,-,-
0075578,Kilsyth (IRE),13th July 2021,S Parr,Filly,-,-,-
0075611,Never A Secret (IRE),13th July 2021,H P Finegan,Mare,-,-,-
0075514,Cesaire (FR),13th July 2021,Fx De Chevigny,Mare,-,-,-
0075609,Kings Orchid (IRE),13th July 2021,A McGuinness,Mare,-,-,-
0075597,Cabinteely (IRE),13th July 2021,Miss R Leyshon,Gelding,-,-,-
0075626,Impressionist Art (USA),13th July 2021,P J Flynn,Filly,-,-,-
0075612,Danehill Spirit (IRE),13th July 2021,Michael Mulvany,Gelding,-,-,-
0075624,D'Nurse (IRE),13th July 2021,R Hannon,Filly,-,-,-
0075576,Casual Style,13th July 2021,D Pipe,Filly,-,-,-
0075627,Kentish Dream,13th July 2021,F Chappet,Colt,-,-,-
0075573,Rosbertini,13th July 2021,Miss L A Perratt,Gelding,-,-,-
0075512,Rose Rose (USA),13th July 2021,C Laffon-Parias,Filly,-,-,-
0075562,Red Eric,13th July 2021,W M Brisbourne,Gelding,-,-,-
0075642,Lasos (FR),13th July 2021,Mlle S Sine,Gelding,-,-,-
0075588,Ossie's Star,13th July 2021,Evan Williams,Gelding,-,-,-
0075583,Quanah Parker (IRE),13th July 2021,N B King,Gelding,-,-,-
0075577,First City,13th July 2021,A Al Rayhi,Mare,-,-,-
0075639,Iruz (IRE),13th July 2021,R Lopez,Horse,-,-,-
0075603,Diamondaire (IRE),13th July 2021,K Purcell,Gelding,-,-,-
0075598,Audrelles Dream (IRE),13th July 2021,P O Brady,Mare,-,-,-
0075451,Sweet Possession (USA),13th July 2021,Pat Eddery,Mare,-,-,-
0075641,Pateese (FR),13th July 2021,Miss P Lownds,Gelding,-,-,-
0075515,Yes Mate (FR),13th July 2021,R Chotard,Filly,-,-,-
0075618,Prom,13th July 2021,M Brittain,Filly,-,-,-
0075565,Jubilee Juggins (IRE),13th July 2021,N P Littmoden,Colt,-,-,-
0075569,Future Gem,13th July 2021,D Thompson,Mare,-,-,-
0075525,Galix Du Val (FR),13th July 2021,P Duval,Filly,-,-,-
0075606,Elaine's Twinkle (IRE),13th July 2021,Seamus Larkin,Filly,-,-,-
0075580,Leftontheshelf (IRE),13th July 2021,Mrs M Hobbs,Mare,-,-,-
0075613,The Tooth Fairy,1st January 2016,A P O'Brien,Filly,Galileo,Red Evie,Michael Tabor & Derrick Smith & Mrs John Magnier
0075633,Auction Belle,13th July 2021,R Curtis,Filly,-,-,-
0075584,Bright Enough,13th July 2021,E J O'Neill,Filly,-,-,-
0075621,Top Tribute,13th July 2021,T P Tate,Gelding,-,-,-
0075595,Zarkozy (IRE),13th July 2021,D Broad,Gelding,-,-,-
0075608,Stretch The Truth (IRE),13th July 2021,T J Taaffe,Gelding,-,-,-
0075599,Glencar Lad (IRE),13th July 2021,C Moore,Gelding,-,-,-
0075607,Star Mist (IRE),13th July 2021,Mrs K Stephens,Gelding,-,-,-
0075610,Minella Mistake (IRE),13th July 2021,R Rowe,Mare,-,-,-
0075614,Billy Cadiz,13th July 2021,Miss J A Camacho,Gelding,-,-,-
0075672,Crafty Notion (IRE),13th July 2021,R Roberts,Filly,-,-,-
0075623,Cawdor (IRE),13th July 2021,Mrs L Stubbs,Gelding,-,-,-
0075622,Bounty Reef,13th July 2021,P D Evans,Filly,-,-,-
0075636,Afariyas (FR),13th July 2021,Y Fertillet,Mare,-,-,-
0075669,Latin Love (IRE),13th July 2021,D Wachman,Filly,-,-,-
0075687,Peace Keeper (FR),13th July 2021,U Suter,Gelding,-,-,-
0075638,Raspoutine (USA),13th July 2021,E Lellouche,Colt,-,-,-
0075625,Green Onions,13th July 2021,A J Lidderdale,Gelding,-,-,-
0075637,A True Dream (FR),13th July 2021,F Foucher,Gelding,-,-,-
0075629,Ponting (IRE),13th July 2021,P T Midgley,Gelding,-,-,-
0075481,Moonlight Lady (IRE),13th July 2021,T Hogan,Mare,-,-,-
0075684,Yamane (FR),13th July 2021,A Lyon,Filly,-,-,-
0075671,Blonville Lady (IRE),13th July 2021,A Maguire,Filly,-,-,-
0075640,Trendy Queen (IRE),13th July 2021,Rod Collet,Filly,-,-,-
0075686,Money Money Honey (USA),13th July 2021,Mlle V Boussin,Gelding,-,-,-
0075644,Swang Song (USA),13th July 2021,Mlle S Sine,Gelding,-,-,-
0075643,Benazet (FR),13th July 2021,J Rossi,Mare,-,-,-
0075574,Dean Iarracht (IRE),13th July 2021,Miss Tracy Waggott,Gelding,-,-,-
0075666,Baliyana (IRE),13th July 2021,J M Oxx,Filly,-,-,-
0075668,Dalwada (IRE),13th July 2021,M Halford,Filly,-,-,-
0075511,Louve Orientale,13th July 2021,Trapenard,Filly,-,-,-
0075681,Bay Of Bliss (IRE),13th July 2021,T Cooper,Gelding,-,-,-
0075667,Blue Belle Polka (IRE),13th July 2021,D Murphy,Mare,-,-,-
0075572,Rio Pomba (IRE),13th July 2021,D Carroll,Filly,-,-,-
0075683,Valentinobello (FR),13th July 2021,D Rabhi,Gelding,-,-,-
0075696,Golondrina,13th July 2021,T J FitzGerald,Filly,-,-,-
0075682,Eileens Choice (IRE),13th July 2021,C Byrnes,Filly,-,-,-
0075570,Miss Scarlet,13th July 2021,K A Ryan,Filly,-,-,-
0075678,Doneaney Boy (IRE),13th July 2021,S Fahey,Gelding,-,-,-
0075587,Right Perk (IRE),13th July 2021,C T Pogson,Gelding,-,-,-
0075674,Indian Ocean (IRE),13th July 2021,B Rothwell,Gelding,-,-,-
0075670,Scandal Sheet (IRE),13th July 2021,J S Bolger,Filly,-,-,-
0075693,Fantastic Fred (IRE),13th July 2021,J A Osborne,Gelding,-,-,-
0075585,Morning Sir Alan,13th July 2021,S A Callaghan,Colt,-,-,-
0075697,Willridge,13th July 2021,J M Bradley,Gelding,-,-,-
0075602,Maire Bhridin (IRE),13th July 2021,Michael P Hourigan,Mare,-,-,-
0075685,Aristote,16th March 2006,E Bernhardt,Colt,Domedriver,Abime,E Bernhardt
0075689,Burdlaz (IRE),13th July 2021,S Seemar,Gelding,-,-,-
0075600,Ballyquinn (IRE),13th July 2021,Mrs J Harrington,Mare,-,-,-
0075575,Bid To Dance,13th July 2021,K A Morgan,Filly,-,-,-
0075673,Broad Meaning,13th July 2021,J McAuley,Gelding,-,-,-
0075615,Athania (IRE),13th July 2021,A P Jarvis,Filly,-,-,-
0075688,Roatan,13th July 2021,Mlle A Imaz Ceca,Gelding,-,-,-
0075604,Il Capo Mio (IRE),13th July 2021,T J Corcoran,Gelding,-,-,-
0075630,Rebel City,13th July 2021,S A Callaghan,Colt,-,-,-
0075617,Paint Splash,13th July 2021,T D Barron,Filly,-,-,-
0075619,Finellas Fortune,13th July 2021,G M Moore,Mare,-,-,-
0075645,Vent Des Aigles (FR),13th July 2021,R Caget,Horse,-,-,-
0075632,Silver Sceptre (IRE),13th July 2021,W J Musson,Gelding,-,-,-
0075634,No Broken Hearts (ITY),13th July 2021,X Thomas Demeaulte,Gelding,-,-,-
0075605,Surgin Bernie (IRE),13th July 2021,R P Rath,Gelding,-,-,-
0075620,Stalking Shadow,28th February 2018,Jonathan Wong,Colt,Ministers Wild Cat,Silent Stalk,Tommy Town Thoroughbreds LLC
0075762,Abu Dubai (IRE),13th July 2021,J A Glover,Filly,-,-,-
0075675,Quilca (USA),13th July 2021,K Prendergast,Gelding,-,-,-
0075635,Cresus Bey (FR),13th July 2021,P Chevillard,Mare,-,-,-
0075571,Nino Zachetti (IRE),13th July 2021,E J Alston,Gelding,-,-,-
0075756,Land Hawk (IRE),13th July 2021,Mrs L Pearce,Gelding,-,-,-
0075759,Not Til Monday (IRE),13th July 2021,J R Jenkins,Gelding,-,-,-
0075690,Silent Approach (FR),13th July 2021,Mlle C Cardenne,Filly,-,-,-
0075777,Spinners End (IRE),13th July 2021,A P Jarvis,Colt,-,-,-
0075771,Marine Boy (IRE),13th July 2021,Tom Dascombe,Gelding,-,-,-
0075586,Kingdom of Heaven (IRE),13th July 2021,Mrs D A Hamer,Filly,-,-,-
0075774,Poaka Beck (IRE),13th July 2021,R F Fisher,Colt,-,-,-
0075792,Social Society (IRE),13th July 2021,Mrs D A Love,Mare,-,-,-
0075757,Lords A Leaping (IRE),13th July 2021,J A Osborne,Colt,-,-,-
0075761,Stevie Junior,13th July 2021,P W Chapple-Hyam,Colt,-,-,-
0075789,Shakalaka (IRE),13th July 2021,T Von,Gelding,-,-,-
0075601,Kaytessa (IRE),13th July 2021,T Cleary,Mare,-,-,-
0075679,Wedontknow (IRE),13th July 2021,P Meany,Gelding,-,-,-
0075807,Never Cry,13th July 2021,S Seemar,Mare,-,-,-
0075772,Olynard (IRE),13th July 2021,M Mullineaux,Gelding,-,-,-
0075776,Sign of Approval,13th July 2021,K R Burke,Colt,-,-,-
0075694,Irish Joe (USA),13th July 2021,R E Peacock,Gelding,-,-,-
0075616,Haafhds Delight (IRE),13th July 2021,W M Brisbourne,Filly,-,-,-
0075822,Winkle (IRE),13th July 2021,M Delzangles,Filly,-,-,-
0075787,Inexcess (IRE),13th July 2021,D Marnane,Gelding,-,-,-
0075791,Cnocan Gold (IRE),13th July 2021,J G Murphy,Filly,-,-,-
0075631,Ruasgreyasme (USA),13th July 2021,W R Muir,Filly,-,-,-
0075804,Sultans Way (IRE),13th July 2021,P &amp; O Cole,Gelding,-,-,-
0075758,Navajo Nation (IRE),13th July 2021,W G M Turner,Gelding,-,-,-
0075802,Kayfiar (USA),13th July 2021,P &amp; O Cole,Colt,-,-,-
0075806,Street Crime,13th July 2021,R J Hodges,Gelding,-,-,-
0075801,Holyrood,13th July 2021,Mme K gernreich,Gelding,-,-,-
0075819,Masters Royal (FR),13th July 2021,B Barbier,Gelding,-,-,-
0075677,Ceasers Hall (IRE),13th July 2021,J M Burke,Gelding,-,-,-
0075646,Corbeautin (FR),13th July 2021,C Morineau,Horse,-,-,-
0075773,Parisian Art (IRE),13th July 2021,J Noseda,Gelding,-,-,-
0075817,Watergate (FR),13th July 2021,A Lamotte D'argy,Gelding,-,-,-
0075816,Pretty Country (FR),13th July 2021,Jj boutin,Filly,-,-,-
0075768,Jobe (USA),13th July 2021,K A Ryan,Gelding,-,-,-
0075692,Redlynch,13th July 2021,S Parr,Gelding,-,-,-
0075821,Attikos (FR),13th July 2021,P Lenogue,Gelding,-,-,-
0075764,Lady Rusty (IRE),13th July 2021,Miss Lucinda V Russell,Filly,-,-,-
0075788,Kinetic Quest,13th July 2021,G M Lyons,Gelding,-,-,-
0075834,Chavoy (FR),13th July 2021,R Menzies,Gelding,-,-,-
0075832,Thury (FR),13th July 2021,C Le Galliard,Gelding,-,-,-
0075779,War Native (IRE),13th July 2021,J Noseda,Gelding,-,-,-
0075803,Mabuya (UAE),13th July 2021,R P Burns,Gelding,-,-,-
0075831,Emithot (FR),13th July 2021,C Dondi,Gelding,-,-,-
0075837,Divine Du Luy (FR),13th July 2021,A De Watrigant,Filly,-,-,-
0075818,Pouvoir Absolu,13th July 2021,E Lellouche,Colt,-,-,-
0075794,Humbel Ben,20th March 2003,A E Jones,Gelding,Humbel,Donegans Daughter,Burnham P & D Ltd
0075836,Applebay (FR),13th July 2021,S Foucher,Filly,-,-,-
0075760,Residency (IRE),13th July 2021,B Smart,Gelding,-,-,-
0075680,Wow Factor (IRE),13th July 2021,D E Fitzgerald,Gelding,-,-,-
0075763,Pete's Passion,13th July 2021,R A Fahey,Filly,-,-,-
0075676,Roman Arch (USA),13th July 2021,E O'Connell,Gelding,-,-,-
0075809,Turkish Lokum,13th July 2021,J M P Eustace,Filly,-,-,-
0075833,Aristophane (FR),13th July 2021,J Bertran De Balanda,Gelding,-,-,-
0075695,Julie Mill (IRE),13th July 2021,R A Teal,Filly,-,-,-
0075778,Viceroy of India (USA),13th July 2021,A P O'Brien,Colt,-,-,-
0075775,Senses (USA),13th July 2021,D Pipe,Gelding,-,-,-
0075790,Again (IRE),13th July 2021,D Wachman,Filly,-,-,-
0075793,Hintsnallegations (IRE),13th July 2021,M D Murphy,Gelding,-,-,-
0075824,Brazilia Carnaval (FR),13th July 2021,J Van Handenhove,Horse,-,-,-
0075691,Reve De Frida (IRE),13th July 2021,A Spanu,Filly,-,-,-
0075798,Combat Zone (IRE),13th July 2021,M Hofer,Gelding,-,-,-
0075805,Whispering Angel,13th July 2021,B J Meehan,Colt,-,-,-
0075808,Smokey Ryder,13th July 2021,R Harris,Filly,-,-,-
0075839,Synthe Davis (FR),13th July 2021,Mrs L J Mongan,Mare,-,-,-
0075823,Idle Chatter (IRE),13th July 2021,J E Hammond,Filly,-,-,-
0075820,Timos (GER),13th July 2021,T Doumen,Colt,-,-,-
0075835,Matchd'ouilly (FR),13th July 2021,L Metais,Gelding,-,-,-
0075813,Willie Wong (IRE),13th July 2021,W R Kinsey,Gelding,-,-,-
0075838,Stylish Saint (FR),13th July 2021,F Cottin,Filly,-,-,-
0075754,Bartica (IRE),13th July 2021,R Hannon,Colt,-,-,-
0075828,Otto Quercus (FR),13th July 2021,J Wade,Gelding,-,-,-
0075769,Leahurst (IRE),13th July 2021,J Noseda,Gelding,-,-,-
0075765,Alyarf (USA),13th July 2021,B W Hills,Horse,-,-,-
0075907,Fuinneamh,13th July 2021,I J Monaghan,Filly,-,-,-
0075767,Gore Hill (IRE),13th July 2021,K R Burke,Gelding,-,-,-
0075799,Derbaas (USA),13th July 2021,A Al Rayhi,Horse,-,-,-
0075909,Lemon Dash,13th July 2021,L A Mullaney,Filly,-,-,-
0075922,Lethal Glaze (IRE),13th July 2021,B Ellison,Gelding,-,-,-
0075912,Ballantrae (IRE),13th July 2021,M L W Bell,Filly,-,-,-
0075795,Pilgrims Lane (IRE),13th July 2021,A Middleton,Gelding,-,-,-
0075755,Going Going Gone,13th July 2021,Tom Dascombe,Gelding,-,-,-
0075924,Mekong Miss,13th July 2021,R H York,Mare,-,-,-
0075814,Pelmix (FR),13th July 2021,C Bauer,Gelding,-,-,-
0075906,Clean Sweep,16th January 2016,S Brogi,Colt,Rock Of Gibraltar,Nonna Iole,We Bloodstock Srl
0075927,Ibn Battuta (USA),13th July 2021,M Al Mheiri,Horse,-,-,-
0075810,Shangani,13th July 2021,H Candy,Filly,-,-,-
0075911,Chosen Forever,13th July 2021,L R James,Gelding,-,-,-
0075770,Loch Long,5th February 2018,Mrs A Duffield,Gelding,Awtaad,Scatina,Mr Jimmy Kay
0075829,Buck's Boum (FR),13th July 2021,R Lecomte,Colt,-,-,-
0075921,Admiral Sandhoe (USA),13th July 2021,Mrs A J Perrett,Gelding,-,-,-
0075908,Hajoum (IRE),13th July 2021,A Al Rayhi,Horse,-,-,-
0075825,Henriquet Le Seul (FR),13th July 2021,F Cottin,Gelding,-,-,-
0075926,Fortune City (UAE),13th July 2021,O Mohammed,Gelding,-,-,-
0075914,Polly's Mark (IRE),13th July 2021,C G Cox,Mare,-,-,-
0075957,Pool Play (USA),13th July 2021,Mark Casse,Horse,-,-,-
0075766,Gluteus Maximus (IRE),13th July 2021,A P O'Brien,Colt,-,-,-
0075797,Cloudy Start,13th July 2021,Violet Jordan,Gelding,-,-,-
0075800,Gulf President,13th July 2021,Tim Vaughan,Gelding,-,-,-
0075812,Rocket Pocket,13th July 2021,R E Peacock,Filly,-,-,-
0075910,Soviet Rhythm,13th July 2021,M Dods,Filly,-,-,-
0075815,Sabelotodo (FR),13th July 2021,Boutin (s),Gelding,-,-,-
0075913,Chadwell Spring (IRE),13th July 2021,M E Sowersby,Mare,-,-,-
0075903,Salleva (IRE),13th July 2021,G Keane,Mare,-,-,-
0075830,Armys De Gravy (FR),13th July 2021,J C Baudoin,Gelding,-,-,-
0075925,Night Lily (IRE),13th July 2021,P W D'Arcy,Mare,-,-,-
0075827,Savigne (FR),13th July 2021,M Droueche,Gelding,-,-,-
0075928,Wild Rhubarb,13th July 2021,Jonjo O'Neill,Mare,-,-,-
0075918,Diddums,13th July 2021,J Ryan,Gelding,-,-,-
0075796,Citizenship,13th July 2021,Miss V Williams,Gelding,-,-,-
0075811,Saltrash (IRE),13th July 2021,B R Hamilton,Gelding,-,-,-
0075904,The Tipperary Man (IRE),13th July 2021,Miss H McLoughlin,Gelding,-,-,-
0075900,Sally Cinnamon (IRE),13th July 2021,B Nolan,Filly,-,-,-
0076017,Tae Kwon Do (USA),13th July 2021,Ecurie Heyveld,Horse,-,-,-
0075919,Rafiqa (IRE),13th July 2021,C F Wall,Filly,-,-,-
0075915,Premier Superstar,13th July 2021,M H Tompkins,Filly,-,-,-
0075826,Quart De Lino (FR),13th July 2021,Philip Peltier,Gelding,-,-,-
0076032,Alexander Youth (IRE),13th July 2021,D Wachman,Filly,-,-,-
0076014,Zelloof (IRE),13th July 2021,Saeed bin Suroor,Filly,-,-,-
0076012,Lovely Thought,13th July 2021,W J Haggas,Filly,-,-,-
0076011,La Adelita (IRE),13th July 2021,M L W Bell,Filly,-,-,-
0076029,Peaceful Rule (USA),13th July 2021,D Nicholls,Gelding,-,-,-
0076016,Shabib (USA),13th July 2021,B W Hills,Colt,-,-,-
0076027,Antigua Sunrise (IRE),13th July 2021,R A Fahey,Mare,-,-,-
0076026,Silver Games (IRE),13th July 2021,M R Channon,Filly,-,-,-
0076044,Mel Del (IRE),13th July 2021,E Sheehy,Mare,-,-,-
0076031,Teilionn,13th July 2021,J J Murphy,Gelding,-,-,-
0076062,Middaygamble (IRE),13th July 2021,S Slevin,Mare,-,-,-
0076042,Beech View (IRE),13th July 2021,M R Bosley,Mare,-,-,-
0076019,Alystar (IRE),13th July 2021,William P Murphy,Filly,-,-,-
0075905,Chelsea Wells (IRE),13th July 2021,Miss G Lee,Mare,-,-,-
0076041,Truxton King (IRE),13th July 2021,P Allen,Gelding,-,-,-
0076059,Meath All Star (IRE),13th July 2021,G Elliott,Gelding,-,-,-
0075902,Rory Anna (IRE),13th July 2021,M Winters,Mare,-,-,-
0076077,Kalin Des Cotieres (FR),13th July 2021,G Macaire,Gelding,-,-,-
0076057,Doheny Bar (IRE),13th July 2021,P Henderson,Gelding,-,-,-
0075920,Real Dandy,13th July 2021,Lucinda Featherstone,Gelding,-,-,-
0076074,Rain Esteem,13th July 2021,L Edon,Filly,-,-,-
0076013,Wabi Sabi (IRE),13th July 2021,N Tinkler,Filly,-,-,-
0076034,Fearnwood Girl (IRE),13th July 2021,G Keane,Mare,-,-,-
0075917,Asakusa,13th July 2021,Sir H R A Cecil,Filly,-,-,-
0076028,Blackstone Vegas,13th July 2021,D Shaw,Gelding,-,-,-
0076061,Inch Rebel (IRE),13th July 2021,M L Fagan,Mare,-,-,-
0076043,Belleshee Banshee (IRE),13th July 2021,P Casey,Filly,-,-,-
0076076,Pirina (GER),13th July 2021,D Windrif,Filly,-,-,-
0076015,Rileyskeepingfaith,13th July 2021,M Al Zarooni,Gelding,-,-,-
0076058,Knockbaun Prince (IRE),13th July 2021,John G Carr,Gelding,-,-,-
0076018,Lady Meg (IRE),13th July 2021,B Palling,Filly,-,-,-
0076008,Fantasia,13th July 2021,L M Cumani,Mare,-,-,-
0076030,Chebona Bula,13th July 2021,E Doyle,Gelding,-,-,-
0076073,Macondo (FR),13th July 2021,X Thomas Demeaulte,Colt,-,-,-
0076064,Ballymaloe,13th July 2021,J J Murphy,Gelding,-,-,-
0076033,Carefree Smile (IRE),13th July 2021,D K Weld,Mare,-,-,-
0076122,Kings Ace (IRE),13th July 2021,A Berry,Gelding,-,-,-
0076079,Arrayan,13th July 2021,Alexandra Dunn,Gelding,-,-,-
0075901,Moylough Princess (IRE),13th July 2021,T Cleary,Filly,-,-,-
0075916,Second To Nun (IRE),13th July 2021,M Blanshard,Mare,-,-,-
0076023,Miss Sophisticat,13th July 2021,W J Knight,Filly,-,-,-
0076119,Desert Phantom (USA),13th July 2021,D M Simcock,Gelding,-,-,-
0076117,Cayman Sky,13th July 2021,R Hannon,Gelding,-,-,-
0076137,Ballade de La Mer,13th July 2021,A G Foster,Mare,-,-,-
0076038,Cannot Give (USA),13th July 2021,P Tallis,Mare,-,-,-
0076121,Justonefortheroad,13th July 2021,R A Fahey,Gelding,-,-,-
0076009,Helpmeronda,13th July 2021,Ian Williams,Mare,-,-,-
0076132,Smelly Cat,13th July 2021,D Thompson,Filly,-,-,-
0076134,Tilerium's Dream (IRE),13th July 2021,K A Ryan,Gelding,-,-,-
0076063,Aongnoeile (IRE),13th July 2021,P J Rothwell,Gelding,-,-,-
0076060,Soft Spoken Guy (IRE),13th July 2021,M A Barnes,Gelding,-,-,-
0076136,Ethaara,13th July 2021,W J Haggas,Filly,-,-,-
0076024,Perception (IRE),13th July 2021,A King,Mare,-,-,-
0075977,Bear's Conductor,13th March 2006,Loren Cox,Horse,Congaree,Symphonic Lady,Loren Cox
0076109,Coco Blue (FR),13th July 2021,E Leray,Gelding,-,-,-
0076147,Dubai Crest,13th July 2021,J R Cornwall,Gelding,-,-,-
0076075,Euforic (FR),13th July 2021,F Belmont,Gelding,-,-,-
0076149,Prince Siegfried (FR),13th July 2021,J P Ferguson,Gelding,-,-,-
0076078,Tonic Des Cotieres (FR),13th July 2021,A Lacombe,Gelding,-,-,-
0076124,My Choice,13th July 2021,A P Jarvis,Gelding,-,-,-
0076039,Girouette (IRE),13th July 2021,T Collins,Filly,-,-,-
0076139,Bussell Along (IRE),13th July 2021,Mrs P Ford,Mare,-,-,-
0076118,Chief Red Cloud (USA),13th July 2021,Mrs K Burke,Gelding,-,-,-
0076116,Abbey Steps (IRE),13th July 2021,T D Easterby,Gelding,-,-,-
0076007,Evening Sunset (GER),13th July 2021,M G Quinlan,Filly,-,-,-
0076133,Surprise Party,13th July 2021,C F Wall,Filly,-,-,-
0076131,Monaco Mistress (IRE),13th July 2021,N Tinkler,Filly,-,-,-
0076020,Breach of Peace (USA),13th July 2021,R Charlton,Filly,-,-,-
0076022,Lake Kalamalka (IRE),13th July 2021,J L Dunlop,Filly,-,-,-
0076108,Zygomatique (FR),13th July 2021,J Merienne,Gelding,-,-,-
0076148,Kidson (USA),13th July 2021,George Baker,Gelding,-,-,-
0076146,Broad Cairn,13th July 2021,R Charlton,Gelding,-,-,-
0076010,High Heeled (IRE),13th July 2021,J &amp; T Gosden,Filly,-,-,-
0076035,Hildor (IRE),13th July 2021,J G Murphy,Filly,-,-,-
0076123,Maybeme,13th July 2021,N Bycroft,Mare,-,-,-
0076037,Saffron's Sinorita (IRE),13th July 2021,P F McEnery,Filly,-,-,-
0076025,Silk Cotton (USA),13th July 2021,E A L Dunlop,Filly,-,-,-
0076138,Say You Say Me,13th July 2021,N J Vaughan,Filly,-,-,-
0076192,Roumba Du Ranch (FR),13th July 2021,P Chevillard,Filly,-,-,-
0076083,Talithea (FR),13th July 2021,F Head,Filly,-,-,-
0076040,Nevaeh Sky (USA),13th July 2021,Miss M A Doran,Filly,-,-,-
0076120,Frontline Girl (IRE),13th July 2021,Mrs K Burke,Mare,-,-,-
0076194,Queen America (FR),13th July 2021,Robert Collet,Filly,-,-,-
0076084,Smart Call (IRE),13th July 2021,D Windrif,Filly,-,-,-
0076207,Gerbera (IRE),13th July 2021,P J Rothwell,Gelding,-,-,-
0076135,Winsome Hearts,13th July 2021,M W Easterby,Gelding,-,-,-
0076209,Cloda's Choice (IRE),13th July 2021,Ms M Flynn,Mare,-,-,-
0076222,Celtic Soprano (IRE),13th July 2021,P D Deegan,Mare,-,-,-
0076197,Bloody Winter (FR),13th July 2021,M Alonso Gomez,Gelding,-,-,-
0076113,West Wing (FR),13th July 2021,F X Belvisi,Gelding,-,-,-
0076237,Tagula Night (IRE),13th July 2021,D K Ivory,Gelding,-,-,-
0076212,Bobby's Last (IRE),13th July 2021,T J Corcoran,Gelding,-,-,-
0076196,Dina De Fauville (FR),13th July 2021,C Coursin,Filly,-,-,-
0076128,Venetian Lady,13th July 2021,Mrs A Duffield,Filly,-,-,-
0076227,Bun Penny,13th July 2021,G M Moore,Filly,-,-,-
0076211,Battle In Hand (IRE),13th July 2021,D K Weld,Gelding,-,-,-
0076143,Location,13th July 2021,Ian Williams,Filly,-,-,-
0076224,Roof Fiddle (USA),13th July 2021,K Prendergast,Filly,-,-,-
0076114,Pollock,13th July 2021,J Morin,Gelding,-,-,-
0076193,Full Snow Moon (USA),13th July 2021,Rohaut (s),Gelding,-,-,-
0076191,Granitik,13th July 2021,Y Porzier,Gelding,-,-,-
0076226,Asserting,13th July 2021,J A McShane,Filly,-,-,-
0076239,Spanish Baron (USA),13th July 2021,R M H Cowell,Gelding,-,-,-
0076199,Petite Lea (FR),13th July 2021,Rohaut (s),Mare,-,-,-
0076208,Persian City (IRE),13th July 2021,W P Mullins,Gelding,-,-,-
0076206,Silent Rage (USA),13th July 2021,Mrs L Baker,Gelding,-,-,-
0076080,Dream Melody (FR),13th July 2021,Nicot (s),Gelding,-,-,-
0076129,Weet In Nerja,13th July 2021,K G Wingrove,Gelding,-,-,-
0076241,Vic's World (IRE),13th July 2021,J D Frost,Mare,-,-,-
0076214,Tarbrook (IRE),13th July 2021,A J McNamara,Gelding,-,-,-
0076223,Shreyas (IRE),13th July 2021,J S Bolger,Filly,-,-,-
0076221,Taranasan (IRE),13th July 2021,J B McCabe,Gelding,-,-,-
0076144,Red Kyte,13th July 2021,K A Ryan,Filly,-,-,-
0076082,Attar Of Rose (USA),13th July 2021,F Head,Mare,-,-,-
0076229,Zelos Girl (IRE),13th July 2021,J G Given,Filly,-,-,-
0076236,Sparkaway,13th July 2021,R O'Sullivan,Gelding,-,-,-
0076238,Drussell (IRE),13th July 2021,M R Bosley,Gelding,-,-,-
0076006,Al Sabaheya,13th July 2021,C E Brittain,Filly,-,-,-
0076173,Don't Come Back (USA),13th July 2021,<a href="/racing/profiles/trainer/undefined">,Gelding,-,-,-
0076021,Demeanour (USA),13th July 2021,E A L Dunlop,Filly,-,-,-
0076282,Black Bear Island (IRE),13th July 2021,A P O'Brien,Colt,-,-,-
0076110,Pluie De Cendres (FR),13th July 2021,J M Brondet,Filly,-,-,-
0076036,No Trimmings (IRE),13th July 2021,G Keane,Mare,-,-,-
0076198,Shepton Mallet (FR),13th July 2021,F Seguin,Filly,-,-,-
0076112,Out Voted,13th July 2021,Mrs J Harrington,Gelding,-,-,-
0076125,Striker Torres (IRE),13th July 2021,D M Loughnane,Gelding,-,-,-
0076085,Jimango (FR),13th July 2021,T Doumen,Gelding,-,-,-
0076213,Exchange Rate (IRE),13th July 2021,J Crowley,Gelding,-,-,-
0076272,Princesse Celine (FR),13th July 2021,Y De Nicolay,Filly,-,-,-
0076127,Upton Seas,13th July 2021,M W Easterby,Filly,-,-,-
0076195,Isanous (FR),13th July 2021,Michael Roussel,Filly,-,-,-
0076140,Cool Libby (IRE),13th July 2021,A B Haynes,Filly,-,-,-
0076286,Shahrafi (IRE),13th July 2021,T Gibney,Gelding,-,-,-
0076287,Time 'N' Talent,13th July 2021,J Leavy,Colt,-,-,-
0076142,Ever Loved (USA),13th July 2021,S Seemar,Filly,-,-,-
0076228,Yanza,13th July 2021,Mrs P Ford,Mare,-,-,-
0076210,Abroad,13th July 2021,J Leavy,Gelding,-,-,-
0076284,Initiation (IRE),13th July 2021,J G Murphy,Gelding,-,-,-
0076189,Kala Kanta (IRE),13th July 2021,M Ramadan,Mare,-,-,-
0076225,Sleepy Dreams (IRE),13th July 2021,D Marnane,Filly,-,-,-
0076203,Sheila's Castle,13th July 2021,S Regan,Mare,-,-,-
0076204,Triban (IRE),13th July 2021,P J Rothwell,Mare,-,-,-
0076274,Sirham (IRE),13th July 2021,C Aubert,Mare,-,-,-
0076240,Briteside,13th July 2021,Jamie Snowden,Mare,-,-,-
0076281,Action That (IRE),13th July 2021,C A Dwyer,Colt,-,-,-
0076218,Dorothy Gale (IRE),13th July 2021,P J Prendergast,Filly,-,-,-
0076115,Bye Bye Sicyos (FR),13th July 2021,B Legros,Gelding,-,-,-
0076289,Noodles Blue Boy,6th April 2006,Ollie Pears,Gelding,Makbul,Dee Dee Girl,Keith West & Ollie Pears
0076219,July Days (IRE),13th July 2021,B P J Baugh,Mare,-,-,-
0076296,Ithbaat (USA),13th July 2021,J &amp; T Gosden,Colt,-,-,-
0076233,Highkingofireland,13th July 2021,Mrs K Burke,Gelding,-,-,-
0076130,Alfie Rose,13th July 2021,Mrs J G Retter,Mare,-,-,-
0076311,Laragh (USA),13th July 2021,II John Terranova,Filly,-,-,-
0076145,Royal Superlative,13th July 2021,R M Beckett,Filly,-,-,-
0076283,Curl Cat (USA),13th July 2021,T Cleary,Gelding,-,-,-
0076081,Alpenadler (GER),13th July 2021,S A Ghoumrassi,Mare,-,-,-
0076234,Lochan Mor,13th July 2021,M L W Bell,Gelding,-,-,-
0076298,Yorksters Girl (IRE),13th July 2021,M G Quinlan,Filly,-,-,-
0076273,Sablermit (FR),13th July 2021,C Lotoux,Gelding,-,-,-
0076278,One Fine Grey (IRE),13th July 2021,I McCaghy,Gelding,-,-,-
0076288,La Zamora,13th July 2021,T D Barron,Mare,-,-,-
0076200,Brave Captain (IRE),13th July 2021,P Meany,Gelding,-,-,-
0076111,Bruslini (FR),13th July 2021,Mrs Tracey Barfoot-Saunt,Gelding,-,-,-
0076202,Irish Soul (IRE),13th July 2021,J P Ryan,Gelding,-,-,-
0076285,Quiet Ocean,13th July 2021,K J Condon,Gelding,-,-,-
0076334,Body Gold (ARG),13th July 2021,N A Twiston-Davies,Gelding,-,-,-
0076293,Aldermoor (USA),13th July 2021,S C Williams,Gelding,-,-,-
0076303,Milwaukee Appeal (USA),13th July 2021,Scott Fairlie,Mare,-,-,-
0076215,Hot Native (IRE),13th July 2021,E Cawley,Mare,-,-,-
0076126,Toledo Gold,3rd March 2006,M A Barnes,Gelding,Needwood Blade,Eman's Joy,Mr M Barnes Mr Scott Lowther
0076217,Buiochas Mor (USA),13th July 2021,J S Bolger,Filly,-,-,-
0076349,Tralee (GER),13th July 2021,F Vermeulen,Filly,-,-,-
0076346,Alexander Loyalty (IRE),13th July 2021,E F Vaughan,Filly,-,-,-
0076141,Crown Affair (IRE),13th July 2021,C Hills,Filly,-,-,-
0076232,Gordy Bee (USA),13th July 2021,R C Guest,Gelding,-,-,-
0076364,Textolie (FR),13th July 2021,J L Pelletan,Filly,-,-,-
0076361,Tamarisso (FR),13th July 2021,M Nigge,Gelding,-,-,-
0076230,Bubses Boy,13th July 2021,R Johnson,Gelding,-,-,-
0076357,Light Of Men (FR),13th July 2021,P Khozian,Filly,-,-,-
0076356,Mantadive (FR),13th July 2021,Mme N Rossio (s),Filly,-,-,-
0076376,Light The Light (IRE),13th July 2021,M D Squance,Filly,-,-,-
0076379,Red Stiletto,13th July 2021,Rae Guest,Filly,-,-,-
0076372,Faldal,13th July 2021,M G Quinlan,Mare,-,-,-
0076347,Kammaan,13th July 2021,D P Nagle,Filly,-,-,-
0076279,Fiona Girl (IRE),13th July 2021,F Feeney,Mare,-,-,-
0076190,Karagem Summit (ITY),13th July 2021,M Rolland,Gelding,-,-,-
0076371,Wise (IRE),13th July 2021,J J Murphy,Gelding,-,-,-
0076362,Montmarie (FR),13th July 2021,F Vermeulen,Filly,-,-,-
0076294,Equipe de Nuit,13th July 2021,S C Williams,Colt,-,-,-
0076386,Foxhill,13th July 2021,Mrs J G Retter,Gelding,-,-,-
0076205,Hurricane Electric (IRE),13th July 2021,G McPherson,Gelding,-,-,-
0076359,Mr Dob (USA),13th July 2021,Mlle C Brunaud,Gelding,-,-,-
0076377,Brief Candle,13th July 2021,W R Swinburn,Filly,-,-,-
0076374,Elevate Bambina,13th July 2021,A Berry,Filly,-,-,-
0076358,Prince Apollo,13th July 2021,G A Butler,Gelding,-,-,-
0076277,Sandside (FR),13th July 2021,Francisco Sanchez,Filly,-,-,-
0076416,Bittel Road (USA),13th July 2021,Todd Pletcher,Colt,-,-,-
0076275,Someries (FR),13th July 2021,F Rohaut,Filly,-,-,-
0076235,Mamlakati (IRE),13th July 2021,R Hannon,Filly,-,-,-
0076292,Achromatic,13th July 2021,W R Swinburn,Gelding,-,-,-
0076373,Snow Feather (IRE),13th July 2021,S M Duffy,Mare,-,-,-
0076290,Positivity,13th July 2021,B Smart,Mare,-,-,-
0076431,Bluebaru,13th July 2021,P Salmon,Gelding,-,-,-
0076348,Miss Eze,13th July 2021,P Cashman,Mare,-,-,-
0076446,On Est Bien (IRE),13th July 2021,E Lellouche,Colt,-,-,-
0076363,Neris (GER),13th July 2021,H A Pantall,Filly,-,-,-
0076201,Britannicus (IRE),13th July 2021,K J Condon,Gelding,-,-,-
0076378,Desert Fairy,13th July 2021,T Wall,Mare,-,-,-
0076216,Beth,13th July 2021,A Oliver,Filly,-,-,-
0076360,Montilati (FR),13th July 2021,G Doleuze,Gelding,-,-,-
0076436,Streets Apart (USA),13th July 2021,W R Swinburn,Filly,-,-,-
0076368,Black Milk (IRE),13th July 2021,L Young,Gelding,-,-,-
0076439,Turn To Dreams,13th July 2021,P D Evans,Filly,-,-,-
0076231,Fullback (IRE),13th July 2021,J S Moore,Colt,-,-,-
0076451,Spirit Of Music (FR),13th July 2021,Mme Mme C Olejniczak,Gelding,-,-,-
0076375,Domada,13th July 2021,W J H Ratcliffe,Filly,-,-,-
0076280,Damaconi (IRE),13th July 2021,V T O'Brien,Mare,-,-,-
0076383,Red Kestrel (USA),13th July 2021,Mlle M Henry,Gelding,-,-,-
0076432,Amethyst Dawn (IRE),13th July 2021,T D Easterby,Mare,-,-,-
0076437,Brief Encounter (IRE),13th July 2021,I Al Malki,Gelding,-,-,-
0076295,Everaard (USA),13th July 2021,Micky Hammond,Gelding,-,-,-
0076447,Milanais (FR),13th July 2021,A Chaille-Chaille,Colt,-,-,-
0076434,Peninsula Girl (IRE),13th July 2021,M R Channon,Filly,-,-,-
0076433,Enhancing,13th July 2021,J A Glover,Filly,-,-,-
0076448,Vraiment Rouge (FR),13th July 2021,C Laffon-Parias,Filly,-,-,-
0076352,Vitoria (IRE),13th July 2021,B Smart,Filly,-,-,-
0076449,Caudillo (GER),13th July 2021,A Bolte,Horse,-,-,-
0076350,No Nightmare (USA),13th July 2021,A P Jarvis,Filly,-,-,-
0076369,Metal Master,13th July 2021,J R Finn,Gelding,-,-,-
0076367,Even View (IRE),13th July 2021,P O'Rourke,Gelding,-,-,-
0076365,Fire Works Joe (IRE),13th July 2021,S Treacy,Gelding,-,-,-
0076384,Ageebah,13th July 2021,C E Brittain,Filly,-,-,-
0076276,Valse De La Tour (FR),13th July 2021,J D Marion,Filly,-,-,-
0076382,Magpie (IRE),13th July 2021,Mrs K Stephens,Gelding,-,-,-
0076291,Moscow Eight (IRE),13th July 2021,E J O'Neill,Gelding,-,-,-
0076438,Miss Pusey Street,13th July 2021,P D Evans,Filly,-,-,-
0076428,Flying Ensign (IRE),13th July 2021,Ms H P Markham,Filly,-,-,-
0076443,Halong Bay (FR),13th July 2021,N Clement,Filly,-,-,-
0076380,Starry Sky,13th July 2021,Sir Mark Prescott,Filly,-,-,-
0076435,Plotting,13th July 2021,K A Ryan,Filly,-,-,-
0076450,Cima De Triomphe (IRE),13th July 2021,Grizzetti Galoppo,Colt,-,-,-
0076355,Allee Centrale (FR),13th July 2021,Boutin (s),Filly,-,-,-
0076427,Caedlih Davis (FR),13th July 2021,K F O'Donnell,Filly,-,-,-
0076429,Liberty Eclipse (IRE),13th July 2021,D P Myerscough,Filly,-,-,-
0076370,Busy Whisper (IRE),13th July 2021,J T Gorman,Gelding,-,-,-
0076536,Brooksby,13th July 2021,L A Dace,Filly,-,-,-
0076444,Masquenada (FR),13th July 2021,Mme C Head-Maarek,Filly,-,-,-
0076442,Cruz Del Sur (FR),13th July 2021,R Pritchard-Gordon,Gelding,-,-,-
0076385,Quil Est Beau (FR),13th July 2021,Mrs J Sleep,Gelding,-,-,-
0076551,Carmond (GER),13th July 2021,O Sherwood,Gelding,-,-,-
0076541,Suakin Dancer (IRE),13th July 2021,H Morrison,Filly,-,-,-
0076556,Mitra Jaan (IRE),13th July 2021,W R Swinburn,Filly,-,-,-
0076566,Cyflymder,11th April 2006,D C Griffiths,Gelding,Mujadil,Nashwan Star,Mr D Griffiths
0076571,Run For The Hills,13th July 2021,R Charlton,Gelding,-,-,-
0076351,Spira (IRE),13th July 2021,A P O'Brien,Filly,-,-,-
0076581,Gan Amhras (IRE),13th July 2021,J S Bolger,Gelding,-,-,-
0076586,Ramla (IRE),13th July 2021,D K Weld,Filly,-,-,-
0076542,Champagne Fizz (IRE),13th July 2021,Miss Jo Crowley,Filly,-,-,-
0076366,Sir Bill Nich (IRE),13th July 2021,M Kelly,Gelding,-,-,-
0076544,Delegator,13th July 2021,Saeed bin Suroor,Horse,-,-,-
0076537,Inthawain,13th July 2021,N Wilson,Filly,-,-,-
0076557,Rainbow View (USA),13th July 2021,J &amp; T Gosden,Mare,-,-,-
0076381,Bois Joli (IRE),13th July 2021,M Botti,Filly,-,-,-
0076440,Tsar De Russie (IRE),13th July 2021,M Rolland,Gelding,-,-,-
0076539,Miss Tango Hotel,13th July 2021,J &amp; T Gosden,Filly,-,-,-
0076538,Intrepid Lady (IRE),13th July 2021,J C Tuck,Filly,-,-,-
0076559,Little Miss Ginger,13th July 2021,P S McEntee,Mare,-,-,-
0076572,Sibi Saba (USA),13th July 2021,Saeed bin Suroor,Filly,-,-,-
0076552,Caravan of Dreams (IRE),13th July 2021,M A Jarvis,Filly,-,-,-
0076554,Fallen In Love,13th July 2021,J L Dunlop,Filly,-,-,-
0076553,Clodoline,13th July 2021,P &amp; O Cole,Filly,-,-,-
0076587,Bandit Country (IRE),13th July 2021,C O'Brien,Gelding,-,-,-
0076611,Cheeky Cherry (IRE),13th July 2021,D Maher,Filly,-,-,-
0076569,Mr Udagawa,13th July 2021,B J Llewellyn,Gelding,-,-,-
0076574,Tylers Cottage,13th July 2021,D K Weld,Gelding,-,-,-
0076567,Definightly,13th July 2021,R Charlton,Gelding,-,-,-
0076430,Ajjaadd (USA),13th July 2021,T E Powell,Gelding,-,-,-
0076568,Hypnotist (UAE),13th July 2021,C E Brittain,Gelding,-,-,-
0076626,Dimander (IRE),13th July 2021,Mrs A J Perrett,Colt,-,-,-
0076445,Soliste Bere (FR),13th July 2021,Jm Bernal,Colt,-,-,-
0076582,Mariydi (IRE),13th July 2021,M Halford,Colt,-,-,-
0076583,Ptolemaeus,13th July 2021,L Walshe,Colt,-,-,-
0076616,Xcape To Victory (IRE),13th July 2021,T G McCourt,Filly,-,-,-
0076584,Rockhampton (IRE),13th July 2021,A P O'Brien,Colt,-,-,-
0076641,Kuanyao (IRE),13th July 2021,Miss A Stokell,Gelding,-,-,-
0076597,Furthest Land (USA),13th July 2021,Michael Maker,Gelding,-,-,-
0076631,Extracurricular (USA),13th July 2021,S Gollings,Filly,-,-,-
0076656,Tarruji (IRE),13th July 2021,P Monfort,Gelding,-,-,-
0076646,Men Bhavin Bradley (USA),13th July 2021,J Noseda,Colt,-,-,-
0076617,Academy of War (USA),13th July 2021,J M Bradley,Gelding,-,-,-
0076525,Parabola (USA),13th July 2021,Cody Beattie,Gelding,-,-,-
0076632,Floor Show,13th July 2021,N Wilson,Gelding,-,-,-
0076613,Mariyca (IRE),13th July 2021,J M Oxx,Filly,-,-,-
0076612,Flame Of Ireland (IRE),13th July 2021,M J Grassick,Filly,-,-,-
0076543,Davids Matador,13th July 2021,Eve Johnson Houghton,Gelding,-,-,-
0076540,Poyle Meg,13th July 2021,R M Beckett,Filly,-,-,-
0076548,Patrician's Glory (USA),13th July 2021,T P Tate,Colt,-,-,-
0076647,Moneysupermarket (IRE),13th July 2021,Pat Morris,Filly,-,-,-
0076627,Double Act,13th July 2021,Evan Williams,Gelding,-,-,-
0076628,Dr Valentine (FR),13th July 2021,Mrs A Duffield,Gelding,-,-,-
0076558,Splashdown,13th July 2021,L M Cumani,Filly,-,-,-
0076614,Silver Abby (IRE),13th July 2021,Mrs V Keatley,Filly,-,-,-
0076555,Mayaalah,13th July 2021,J &amp; T Gosden,Filly,-,-,-
0076563,Mubrook,1st April 2005,T Davidson,Gelding,Alhaarth,Zomaradah,Gold Tooth Racing
0076642,Kyleene,13th July 2021,M D I Usher,Filly,-,-,-
0076643,Langland Bay,13th July 2021,W R Muir,Filly,-,-,-
0076573,Martha's Girl (USA),13th July 2021,D Carroll,Filly,-,-,-
0076619,Anfield Star (IRE),13th July 2021,Pat Morris,Gelding,-,-,-
0076570,Perpetually (IRE),13th July 2021,J P Ferguson,Gelding,-,-,-
0076658,Totally Devoted (USA),13th July 2021,A P O'Brien,Filly,-,-,-
0076588,American Princess (IRE),13th July 2021,M J Grassick,Mare,-,-,-
0076657,Theatre Street (IRE),13th July 2021,S Dow,Filly,-,-,-
0076585,Mean Lae (IRE),13th July 2021,J S Bolger,Filly,-,-,-
0076634,Glowing Praise,13th July 2021,E S McMahon,Gelding,-,-,-
0076649,Peponi,13th July 2021,P J Makin,Horse,-,-,-
0076629,Emirates World (IRE),13th July 2021,A E Jessop,Gelding,-,-,-
0076578,We'llallberuined (IRE),13th July 2021,Martin Brassil,Gelding,-,-,-
0076441,Shawnee Saga (FR),13th July 2021,W Mongil,Gelding,-,-,-
0076644,Louise Bonne (USA),13th July 2021,C G Cox,Filly,-,-,-
0076701,Madragan (FR),13th July 2021,M Rolland,Gelding,-,-,-
0076659,Wotasparkler,13th July 2021,W S Kittow,Filly,-,-,-
0076618,Akabar,13th July 2021,R M Beckett,Gelding,-,-,-
0076549,Royal Arthur,13th July 2021,L A Dace,Gelding,-,-,-
0076615,Maranda (IRE),13th July 2021,L P Cusack,Mare,-,-,-
0076716,Against The Rules,13th July 2021,J Ryan,Gelding,-,-,-
0076691,Ayrus (USA),13th July 2021,B J Meehan,Colt,-,-,-
0076564,Sharki,13th July 2021,P Martin,Filly,-,-,-
0076515,Santa Teresita (USA),13th July 2021,Eric Guillot,Mare,-,-,-
0076633,Fortina's Boy (USA),13th July 2021,W R Swinburn,Colt,-,-,-
0076608,Montana Mist (IRE),13th July 2021,T J O'Mara,Gelding,-,-,-
0076731,Henderson Park,13th July 2021,A G Foster,Colt,-,-,-
0076706,Esmun (FR),13th July 2021,Chirurgien (s),Mare,-,-,-
0076579,Age Of Aquarius (IRE),13th July 2021,A P O'Brien,Colt,-,-,-
0076648,Morning Queen (IRE),13th July 2021,C G Cox,Filly,-,-,-
0076623,Coolcullen Times (IRE),13th July 2021,J S Bolger,Gelding,-,-,-
0076721,Gainsbury (GER),13th July 2021,P Vovcenko,Gelding,-,-,-
0076692,Playfellow (IRE),13th July 2021,D Selvaratnam,Gelding,-,-,-
0076703,Gaelique Show (FR),13th July 2021,P Khozian,Gelding,-,-,-
0076638,Ice Attack (IRE),13th July 2021,Pat Morris,Filly,-,-,-
0076702,Topclas (FR),13th July 2021,A Bin Harmash,Horse,-,-,-
0076736,Incentivise,24th April 2003,Kerry Lee,Gelding,Snurge,Festive Isle,Mrs B M Ayres
0076645,Mellow Mixture,13th July 2021,S Kirk,Colt,-,-,-
0076707,Genereuse Gold (FR),13th July 2021,Mme C Barbe,Filly,-,-,-
0076718,Adnisy (FR),13th July 2021,B Leclere,Gelding,-,-,-
0076653,Scottish Glen,2nd April 2006,P R Chamings,Gelding,Kyllachy,Dance For Fun,The Foxford House Partnership
0076717,Almazar,13th July 2021,J L Dunlop,Gelding,-,-,-
0076694,Shanavaz,13th July 2021,C J Teague,Mare,-,-,-
0076722,Delvita (FR),13th July 2021,Jv Toux,Filly,-,-,-
0076545,Greensward,13th July 2021,C R Dore,Gelding,-,-,-
0076733,Magic Haze,13th July 2021,Miss S E Hall,Gelding,-,-,-
0076761,Dotada (IRE),13th July 2021,P Casey,Mare,-,-,-
0076732,Madamlily (IRE),13th July 2021,J J Quinn,Mare,-,-,-
0076709,Golden Clou (FR),13th July 2021,P Demercastel,Filly,-,-,-
0076737,Overdante,13th July 2021,C E Longsdon,Mare,-,-,-
0076560,Bendigo Creek (USA),13th July 2021,Gerard Farrell,Gelding,-,-,-
0076562,Lease of Life (USA),13th July 2021,B W Hills,Colt,-,-,-
0076724,Quambona (FR),13th July 2021,Ecurie Heyveld,Filly,-,-,-
0076776,Plaisterer,13th July 2021,C F Wall,Mare,-,-,-
0076609,Ravati (IRE),13th July 2021,L Corcoran,Gelding,-,-,-
0076575,Marysbrownbread (IRE),13th July 2021,J J Walsh,Filly,-,-,-
0076577,Jimbatai (IRE),13th July 2021,B Leavy,Gelding,-,-,-
0076739,Sideon Arthur (FR),13th July 2021,B W Duke,Gelding,-,-,-
0076791,Top Harmony (FR),13th July 2021,A Fracas,Gelding,-,-,-
0076704,Voodoo's Son (FR),13th July 2021,Delaporte (s),Gelding,-,-,-
0076624,Dayanara (USA),13th July 2021,Mrs S Leech,Filly,-,-,-
0076766,Schindler's Pearl (IRE),13th July 2021,Miss T L Cogan,Gelding,-,-,-
0076590,Tar Heel Mom (USA),13th July 2021,Stanley Hough,Mare,-,-,-
0076719,Lady Angelica,13th July 2021,Dr J D Scargill,Filly,-,-,-
0076639,Jacamar,13th July 2021,A P O'Brien,Colt,-,-,-
0076781,Light Dubai (IRE),13th July 2021,M R Channon,Filly,-,-,-
0076605,Billy Liar (IRE),13th July 2021,E Lynam,Gelding,-,-,-
0076762,Princess Misty (IRE),13th July 2021,D Murphy,Filly,-,-,-
0076763,Riversfield Rose (IRE),13th July 2021,D Marnane,Filly,-,-,-
0076654,Secret Life,13th July 2021,S Foucher,Colt,-,-,-
0076734,New Tricks,13th July 2021,P Monteith,Gelding,-,-,-
0076796,Le Big (GER),13th July 2021,M Rolland,Gelding,-,-,-
0076550,Sequillo,13th July 2021,R Hannon,Gelding,-,-,-
0076767,Lovely Sight (IRE),13th July 2021,C Bowe,Mare,-,-,-
0076669,Step Right Up (USA),13th July 2021,Maureen Spellman,Filly,-,-,-
0076777,Shakedown,13th July 2021,K Frost,Gelding,-,-,-
0076778,Call It On (IRE),13th July 2021,P A Kirby,Gelding,-,-,-
0076565,Summerstrand (IRE),13th July 2021,M A Jarvis,Filly,-,-,-
0076782,Noble Dictator,13th July 2021,E F Vaughan,Gelding,-,-,-
0076620,Art Fund (USA),13th July 2021,P Delaney,Gelding,-,-,-
0076769,No Wonga,13th July 2021,Mrs K Stephens,Gelding,-,-,-
0076793,Sharaldi (FR),13th July 2021,Y Fouin,Gelding,-,-,-
0076792,Sumatra Tiger (GER),13th July 2021,W Mongil,Gelding,-,-,-
0076797,Salden Licht,13th July 2021,A King,Gelding,-,-,-
0076580,Changingoftheguard (IRE),13th July 2021,A P O'Brien,Colt,-,-,-
0076607,Forbidden City (IRE),13th July 2021,T Cleary,Gelding,-,-,-
0076821,Ouranos (FR),13th July 2021,C Martens,Gelding,-,-,-
0076635,Hatta Stream (IRE),13th July 2021,Mrs L Pearce,Gelding,-,-,-
0076784,Sawab,13th July 2021,C E Brittain,Filly,-,-,-
0076622,Celestial Dream (IRE),13th July 2021,A M Balding,Filly,-,-,-
0076836,Whiskey Talk (IRE),13th July 2021,A Oliver,Gelding,-,-,-
0076698,Baby Rock,13th July 2021,C F Wall,Gelding,-,-,-
0076650,Perfect Secret,13th July 2021,A M Balding,Filly,-,-,-
0076708,Damacita (FR),13th July 2021,J Bertran De Balanda,Filly,-,-,-
0076764,Hurleys Choice (IRE),13th July 2021,A Slattery,Gelding,-,-,-
0076637,High Alert,13th July 2021,J Noseda,?,-,-,-
0076826,Cottage Club (IRE),13th July 2021,Y Fertillet,Filly,-,-,-
0076713,Royal Sadler (FR),13th July 2021,Boutin (s),Horse,-,-,-
0076705,Syphax (FR),13th July 2021,Ger Collet,Mare,-,-,-
0076723,Queen Du Vivien (FR),13th July 2021,R Le Gal,Filly,-,-,-
0076779,Captainrisk (IRE),13th July 2021,Mrs C A Dunnett,Gelding,-,-,-
0076699,Galeo Des Flandres (FR),13th July 2021,S Jousselin,Colt,-,-,-
0076652,Satwa Laird,13th July 2021,Miss A Stokell,Gelding,-,-,-
0076841,Dishy Sissi (IRE),13th July 2021,O Weldon,Filly,-,-,-
0076823,Alluring Lady (FR),13th July 2021,E Libaud,Filly,-,-,-
0076720,Silky Way (GR),13th July 2021,P R Chamings,Filly,-,-,-
0076738,Rosies Peacock,13th July 2021,D H Llewellyn,Gelding,-,-,-
0076728,Baileys Red,13th July 2021,J G Given,Gelding,-,-,-
0076794,Kareemah (IRE),13th July 2021,F Head,Filly,-,-,-
0076714,Grey Soldier (IRE),13th July 2021,Mrs S Leech,Gelding,-,-,-
0076838,Aliyfa (IRE),13th July 2021,J M Oxx,Filly,-,-,-
0076735,Furmagiatt,13th July 2021,J Cole,Gelding,-,-,-
0076822,Singapore Speed (FR),13th July 2021,B Mohamed,Gelding,-,-,-
0076610,Signore Momento (IRE),13th July 2021,Miss Amy Weaver,Gelding,-,-,-
0076729,Berriedale,13th July 2021,Mrs A Duffield,Filly,-,-,-
0076827,Kalimera (GER),13th July 2021,Ph lefevre,Filly,-,-,-
0076625,Desert Eagle (IRE),13th July 2021,A P O'Brien,Colt,-,-,-
0076640,Karta (IRE),13th July 2021,M Johnston,Filly,-,-,-
0076837,Ella Watson (IRE),13th July 2021,J E Kiely,Mare,-,-,-
0076871,Arrogance,13th July 2021,G L Moore,Gelding,-,-,-
0076768,Cry of Freedom (USA),13th July 2021,J P Ferguson,Gelding,-,-,-
0076824,Kesara,13th July 2021,P Bary,Filly,-,-,-
0076655,Suitably Accoutred (IRE),13th July 2021,Mrs A Duffield,Filly,-,-,-
0076886,Xandra (IRE),13th July 2021,W M Brisbourne,Filly,-,-,-
0076839,Dance Pass (IRE),13th July 2021,D K Weld,Filly,-,-,-
0076783,Red Horse (IRE),13th July 2021,M L W Bell,Gelding,-,-,-
0076829,Anarkali (FR),13th July 2021,Mlle S Morosi,Horse,-,-,-
0076546,Hambledon Hill,13th July 2021,P Burgoyne,Gelding,-,-,-
0076881,Party Frock,13th July 2021,J &amp; T Gosden,Filly,-,-,-
0076695,Clodazone (IRE),13th July 2021,M G Quinlan,Filly,-,-,-
0076561,Black Coffee,13th July 2021,R Woollacott,Gelding,-,-,-
0076697,Splinter Cell (USA),13th July 2021,P Lacroix,Colt,-,-,-
0076773,Spring Green,13th July 2021,H Morrison,Filly,-,-,-
0076883,The Cuckoo,13th July 2021,M Quinn,Gelding,-,-,-
0076780,Floodlit,13th July 2021,J &amp; T Gosden,Filly,-,-,-
0076576,Seenya (IRE),13th July 2021,D A Kiely,Mare,-,-,-
0076712,Queen At Last (FR),13th July 2021,S Labate,Filly,-,-,-
0076788,Earlson Gray (FR),13th July 2021,C Bowe,Gelding,-,-,-
0076795,Knowing Look,13th July 2021,H A Pantall,Filly,-,-,-
0076916,Feeling Fab (FR),13th July 2021,M Johnston,Filly,-,-,-
0076710,Moumina (FR),13th July 2021,J De Roualle (s),Filly,-,-,-
0076727,Mannico (GER),13th July 2021,M Nigge,Horse,-,-,-
0076774,Victoria Sponge (IRE),13th July 2021,S C Williams,Filly,-,-,-
0076725,Midnight Fantasy,13th July 2021,Rae Guest,Filly,-,-,-
0076789,Quietly Winner (GER),13th July 2021,G Cherel,Gelding,-,-,-
0076911,Agent Stone (IRE),13th July 2021,D Nicholls,Gelding,-,-,-
0076606,Dubitante (IRE),13th July 2021,E P Harty,Gelding,-,-,-
0076913,Sampower Quin (IRE),13th July 2021,D Carroll,Gelding,-,-,-
0076700,Cool King (FR),13th July 2021,M Boutin,Colt,-,-,-
0076882,Group Leader (IRE),13th July 2021,J R Jenkins,Gelding,-,-,-
0076740,The Kiwi Matriarch,13th July 2021,C L Tizzard,Mare,-,-,-
0076926,Dark Ranger,13th July 2021,T J Pitt,Gelding,-,-,-
0076928,Mr Deal,13th July 2021,Eve Johnson Houghton,Gelding,-,-,-
0076621,Best Bidder (USA),13th July 2021,Pat Morris,Filly,-,-,-
0076715,Dornas (FR),13th July 2021,Boutin (s),Filly,-,-,-
0076636,Hekaaya (IRE),13th July 2021,M P Tregoning,Filly,-,-,-
0076872,Cruikadyke,13th July 2021,P &amp; O Cole,Colt,-,-,-
0076828,Riviere Du Moulin (FR),13th July 2021,F Meckes,Filly,-,-,-
0076730,Heading East (IRE),13th July 2021,K A Ryan,Gelding,-,-,-
0076825,Omonia (GER),13th July 2021,C Boutin,Filly,-,-,-
0076874,Euston Square,13th July 2021,A C Whillans,Gelding,-,-,-
0076887,Dakota Hills,13th July 2021,J R Best,Gelding,-,-,-
0076651,Polemica (IRE),13th July 2021,F Sheridan,Mare,-,-,-
0076884,Mutawahej (USA),13th July 2021,J &amp; T Gosden,Colt,-,-,-
0076840,Frisky Queen (IRE),13th July 2021,T G McCourt,Filly,-,-,-
0076770,Wellington Square,13th July 2021,H Morrison,Gelding,-,-,-
0076833,Alaiyma (IRE),13th July 2021,J M Oxx,Filly,-,-,-
0076912,Proclaim,13th July 2021,Saeed bin Suroor,Colt,-,-,-
0076772,Kaikoura,13th July 2021,G Woodward,Filly,-,-,-
0076785,Teeky,13th July 2021,J &amp; T Gosden,Filly,-,-,-
0076917,Iron Out (USA),13th July 2021,R Hollinshead,Gelding,-,-,-
0076927,Ivory's Icon (IRE),13th July 2021,Miss Jo Crowley,Gelding,-,-,-
0076787,Simba Du Berlais (FR),13th July 2021,Robert Collet,Gelding,-,-,-
0076834,Shy Appeal (IRE),13th July 2021,T Stack,Filly,-,-,-
0076914,Star of Sophia (IRE),13th July 2021,Mrs A Duffield,Filly,-,-,-
0076929,Sabi Star,13th July 2021,J &amp; T Gosden,Colt,-,-,-
0076919,Leverage (IRE),13th July 2021,M Wigham,Gelding,-,-,-
0076696,Peter Grimes (IRE),13th July 2021,A King,Gelding,-,-,-
0076775,Mayfair's Future,13th July 2021,J R Jenkins,Gelding,-,-,-
0076873,Do Be Brave (IRE),13th July 2021,Paul Mason,Gelding,-,-,-
0076988,Phoenix King (FR),13th July 2021,Ecurie Alliance,Gelding,-,-,-
0076790,Albert Hall,12th May 2005,A Chaille-Chaille,Gelding,Stravinsky,Albertine,Mlle C Minier
0076711,Alice De La Vis (FR),13th July 2021,Mme C Barbe,Filly,-,-,-
0076885,Tayyab (USA),13th July 2021,M Al Mheiri,Horse,-,-,-
0076888,Mr Redford,13th July 2021,N P Littmoden,Gelding,-,-,-
0076986,Fatayev (FR),13th July 2021,Mme C Head-Maarek,Colt,-,-,-
0076726,Sleepy Valley (IRE),13th July 2021,A Dickman,Filly,-,-,-
0077003,Abou Ben (IRE),13th July 2021,P Martin,Gelding,-,-,-
0077001,The World,13th July 2021,A Fabre,Filly,-,-,-
0076991,Valdivia (FR),13th July 2021,P Vidotto,Filly,-,-,-
0077018,Lady Oaksey,13th July 2021,R H Buckler,Mare,-,-,-
0076878,Trading Nation (USA),13th July 2021,P W Hiatt,Gelding,-,-,-
0076830,The Little Mother (FR),13th July 2021,L Manceau,Filly,-,-,-
0077016,Bishaara (IRE),13th July 2021,J &amp; T Gosden,Filly,-,-,-
0077006,Five Star Junior (USA),13th July 2021,Mrs L Stubbs,Gelding,-,-,-
0077031,Papajosh (FR),13th July 2021,J Candlish,Gelding,-,-,-
0076820,Borrachito (FR),13th July 2021,M Pimbonnet,Gelding,-,-,-
0076918,La Diosa (IRE),13th July 2021,M Hourigan,Filly,-,-,-
0077021,Chasca (IRE),13th July 2021,Mrs A J Perrett,Filly,-,-,-
0076832,Mountain Ridge (IRE),13th July 2021,J J Murphy,Colt,-,-,-
0076835,Chew It Over (IRE),13th July 2021,L Young,Gelding,-,-,-
0076771,It's A Game (USA),13th July 2021,J &amp; T Gosden,Filly,-,-,-
0076879,Kappalyn (IRE),13th July 2021,J R Boyle,Filly,-,-,-
0076987,Bleu Topaze (FR),13th July 2021,J M Beguigne,Colt,-,-,-
0076908,Irenamix (FR),13th July 2021,Ger Collet,Filly,-,-,-
0076989,Eclair Fantastic,13th July 2021,F Belmont,Mare,-,-,-
0077002,Alpe D'huez (GER),13th July 2021,N Milliere,Filly,-,-,-
0076915,Dubai Storming,13th July 2021,E A L Dunlop,Gelding,-,-,-
0076786,Glan Lady (IRE),13th July 2021,Ian Williams,Mare,-,-,-
0076923,King's Colour,13th July 2021,B R Johnson,Gelding,-,-,-
0077004,Kalabunga (IRE),13th July 2021,T Collins,Mare,-,-,-
0076930,Summers Target (USA),13th July 2021,S C Williams,Gelding,-,-,-
0077019,Dagua Briza (IRE),13th July 2021,J W Mullins,Filly,-,-,-
0077017,Congenial,13th July 2021,J R Fanshawe,Filly,-,-,-
0076992,Ambatoloaka (FR),13th July 2021,F Foresi,Filly,-,-,-
0076909,Sagamana (FR),13th July 2021,Ecurie Simeon,Filly,-,-,-
0077032,Private Affair,13th July 2021,Mrs S J Smith,Gelding,-,-,-
0077007,Frank Street,13th July 2021,Eve Johnson Houghton,Gelding,-,-,-
0076875,Galpin Junior (USA),13th July 2021,Mrs R Carr,Gelding,-,-,-
0076924,Mary Athena (FR),13th July 2021,P Cashman,Filly,-,-,-
0077022,Dicey Affair,13th July 2021,G L Moore,Filly,-,-,-
0076877,Papa Meilland,13th July 2021,Eve Johnson Houghton,Colt,-,-,-
0076880,Make Amends (IRE),13th July 2021,R J Hodges,Mare,-,-,-
0076994,L'americaine (FR),13th July 2021,Mme C Head-Maarek,Filly,-,-,-
0076905,Vacillate (IRE),13th July 2021,P J Flynn,Gelding,-,-,-
0077009,Riotista (IRE),13th July 2021,E J O'Neill,Filly,-,-,-
0076920,Tilos Gem (IRE),13th July 2021,B Ellison,Gelding,-,-,-
0077106,Solar Graphite (IRE),13th July 2021,D A McLoughlin,Gelding,-,-,-
0076907,Glatteis (FR),13th July 2021,Frau P Blumenauer,Gelding,-,-,-
0076831,Beat The Boss (IRE),13th July 2021,Peter Fahey,Gelding,-,-,-
0076910,Action Gyp (FR),13th July 2021,S Loeuillet,Gelding,-,-,-
0077024,Crackentorp,13th July 2021,T D Easterby,Gelding,-,-,-
0077121,Nayessence,13th July 2021,M W Easterby,Gelding,-,-,-
0076993,Onega Lake (IRE),13th July 2021,E Lellouche,Filly,-,-,-
0076922,Chosen One (IRE),13th July 2021,Mrs R Carr,Gelding,-,-,-
0077108,Mr Flannegan,13th July 2021,H Candy,Gelding,-,-,-
0077136,Stop N Stare (IRE),13th July 2021,P J F Hassett,Gelding,-,-,-
0076925,Aurorian (IRE),13th July 2021,Mrs L Hill,Gelding,-,-,-
0076990,Danseur Russe (FR),13th July 2021,J Lemercier,Gelding,-,-,-
0077008,Mackten,13th July 2021,W J Knight,Colt,-,-,-
0077123,Spiritina (IRE),13th July 2021,N Lawlor,Mare,-,-,-
0077111,Do The Deal (IRE),13th July 2021,P D Deegan,Filly,-,-,-
0077151,Perfect Buttons (IRE),13th July 2021,Tim Vaughan,Gelding,-,-,-
0077005,Lake An Lay (IRE),13th July 2021,W P Mullins,Gelding,-,-,-
0076998,Maria Dolores (FR),13th July 2021,J Rossi,Filly,-,-,-
0077023,Master Lightfoot,13th July 2021,W R Swinburn,Colt,-,-,-
0077126,Carrigfergus (IRE),13th July 2021,K Prendergast,Gelding,-,-,-
0077138,The Bull Hayes (IRE),13th July 2021,M Appleby,Gelding,-,-,-
0077166,Clarte D'or (FR),13th July 2021,Bertran De Balanda (s),Filly,-,-,-
0077020,Extreme Pleasure (IRE),13th July 2021,W J Knight,Filly,-,-,-
0077153,Crystal Idea (IRE),13th July 2021,P Harney,Filly,-,-,-
0077013,Caster Sugar (USA),13th July 2021,R Hannon,Filly,-,-,-
0077168,Dianeva (FR),13th July 2021,F Vermeulen,Filly,-,-,-
0077028,Serious Impact (USA),13th July 2021,F Vermeulen,Gelding,-,-,-
0077107,Harry Raffle,13th July 2021,S Kirk,Gelding,-,-,-
0077156,Now Wich One (IRE),13th July 2021,A J McNamara,Gelding,-,-,-
0076876,Jaubertie,13th July 2021,W G M Turner,Filly,-,-,-
0077196,Dubai Rose,13th July 2021,H A Pantall,Filly,-,-,-
0077122,Annebrook Lady (IRE),13th July 2021,Ms J Morgan,Filly,-,-,-
0077171,Maggi Fong,13th July 2021,H A Pantall,Filly,-,-,-
0077198,Cavaliere (FR),13th July 2021,M Cesandri,Filly,-,-,-
0076891,Ninth Client (USA),13th July 2021,D Lukas,Gelding,-,-,-
0076999,Alamanni (USA),13th July 2021,E Borromeo,Filly,-,-,-
0077211,Mafaaz,13th July 2021,J &amp; T Gosden,Colt,-,-,-
0077137,The Basshunter (IRE),13th July 2021,J J Walsh,Gelding,-,-,-
0077213,Pergamon (IRE),13th July 2021,Miss C Dyson,Gelding,-,-,-
0077109,Fell Pack,13th July 2021,J J Quinn,Gelding,-,-,-
0077014,Something Perfect (USA),13th July 2021,Sir H R A Cecil,Filly,-,-,-
0077097,Chasing Amy,13th July 2021,M G Quinlan,Filly,-,-,-
0076906,Brackets (IRE),13th July 2021,J P Brennan,Mare,-,-,-
0077226,Pollish,13th July 2021,A Berry,Filly,-,-,-
0077152,Out Of Honour (IRE),13th July 2021,J Geoghegan,Filly,-,-,-
0077124,Starlight Choice (IRE),13th July 2021,G W Robinson,Filly,-,-,-
0076921,Viking Awake (IRE),13th July 2021,J W Unett,Gelding,-,-,-
0077029,Macbury,13th July 2021,A Middleton,Gelding,-,-,-
0077112,Hettie Hubble,13th July 2021,D Thompson,Mare,-,-,-
0077167,Laety Dancer (FR),13th July 2021,S Morineau,Filly,-,-,-
0077139,Double Eagle (FR),13th July 2021,J J Hanlon,Gelding,-,-,-
0077127,Running Flame (IRE),13th July 2021,J D Hillis,Gelding,-,-,-
0077201,La Minardiere (FR),13th July 2021,M Pimbonnet,Filly,-,-,-
0076985,Helipad (FR),13th July 2021,T Larriviere,Gelding,-,-,-
0077154,Spring Hawk (IRE),13th July 2021,T G McCourt,Mare,-,-,-
0076995,Moneypenny (FR),13th July 2021,Delaporte (s),Filly,-,-,-
0077099,Kapsiliat (IRE),13th July 2021,J Noseda,Filly,-,-,-
0077216,Gaily Noble (IRE),13th July 2021,A B Haynes,Gelding,-,-,-
0077000,Setareh (GER),13th July 2021,H Hesse,Colt,-,-,-
0077169,Triki Miki (FR),13th July 2021,F Foresi,Filly,-,-,-
0077010,Playful Asset (IRE),13th July 2021,P Howling,Filly,-,-,-
0077015,Sussex Dancer (IRE),13th July 2021,J A Osborne,Filly,-,-,-
0077114,Interchoice Star,14th April 2005,R E Peacock,Gelding,Josr Algarhoud,Blakeshall Girl,Mr John P Evitt
0077098,Ja One (IRE),13th July 2021,B W Hills,Filly,-,-,-
0077197,Mamaria (FR),13th July 2021,T Larriviere,Filly,-,-,-
0076997,Benaojan (FR),13th July 2021,T Castanheira,Filly,-,-,-
0077030,Minella Boys (IRE),13th July 2021,C E Longsdon,Gelding,-,-,-
0077113,Lucy Brown,13th July 2021,M W Easterby,Filly,-,-,-
0077212,Murhee (USA),13th July 2021,Mrs A M Thorpe,Gelding,-,-,-
0077129,Hemasree (IRE),13th July 2021,T Collins,Filly,-,-,-
0077012,Vodka Shot (USA),13th July 2021,M L W Bell,Filly,-,-,-
0077025,Hammer,13th July 2021,M E Sowersby,Gelding,-,-,-
0077157,Hepahepa Naeney (IRE),13th July 2021,B T Murphy,Mare,-,-,-
0077128,Fancy Set (IRE),13th July 2021,D J S Ffrench Davis,Filly,-,-,-
0077027,Nexus (IRE),13th July 2021,S Seemar,Horse,-,-,-
0077227,Predictable (IRE),13th July 2021,M W Easterby,Filly,-,-,-
0077172,Saphir Bere (FR),13th July 2021,Frau C Bocskai,Colt,-,-,-
0077271,The Munyabure,13th July 2021,V P Donoghue,Filly,-,-,-
0077199,Bleu Desir (FR),13th July 2021,J P Gauvin,Horse,-,-,-
0077273,Another Tribunal (IRE),13th July 2021,S Aherne,Gelding,-,-,-
0077057,Orderly (USA),13th July 2021,Thomas Albertrani,Colt,-,-,-
0077158,Pip Pip Horray (IRE),13th July 2021,P J Flynn,Filly,-,-,-
0077214,Too Tall,13th July 2021,Tim Vaughan,Colt,-,-,-
0077089,Mine That Bird (USA),13th July 2021,D Lukas,Gelding,-,-,-
0077103,Almiqdaad,13th July 2021,E Charpy,Gelding,-,-,-
0077202,Sunday Flower (FR),13th July 2021,P Khozian,Filly,-,-,-
0077301,Turnham Green,13th July 2021,S Curran,Gelding,-,-,-
0077104,Asateer (IRE),13th July 2021,B W Hills,Gelding,-,-,-
0077118,Feeling Stylish (IRE),13th July 2021,N Tinkler,Filly,-,-,-
0077276,Killogan Lass (IRE),13th July 2021,M T Moran,Mare,-,-,-
0077316,Salgado (FR),13th July 2021,M Planard,Mare,-,-,-
0077217,Good For Her,13th July 2021,J L Dunlop,Filly,-,-,-
0077133,Masterofthehorse (IRE),13th July 2021,Miss D Mountain,Colt,-,-,-
0077119,Hawkeyethenoo (IRE),13th July 2021,J S Goldie,Gelding,-,-,-
0077134,Signal Fire (USA),13th July 2021,D K Weld,Colt,-,-,-
0077174,Riviera Paradise (FR),13th July 2021,P Monfort,Gelding,-,-,-
0077331,Beautiful Breeze (IRE),13th July 2021,M Johnston,Gelding,-,-,-
0077173,Kfar Viking (FR),13th July 2021,T Larriviere,Gelding,-,-,-
0077110,Rosies Dawn,13th July 2021,D Carroll,Filly,-,-,-
0076996,Treasure (FR),13th July 2021,Mme C Head-Maarek,Filly,-,-,-
0077189,Camfair (FR),13th July 2021,P Vidotto,Colt,-,-,-
0077272,Academy Legend (IRE),13th July 2021,F Chappet,Gelding,-,-,-
0077125,Super Sophie (USA),13th July 2021,E Lynam,Filly,-,-,-
0077011,Punch Drunk,13th July 2021,J G Given,Filly,-,-,-
0077204,Grand Bandit (FR),13th July 2021,P Nador,Gelding,-,-,-
0077306,Longboat Key,13th July 2021,M Johnston,Gelding,-,-,-
0077219,Hilltop Legacy,13th July 2021,J R Jenkins,Mare,-,-,-
0077164,Songsong (USA),13th July 2021,P Monfort,Gelding,-,-,-
0077026,Mister Ross,13th July 2021,J R Boyle,Gelding,-,-,-
0077303,Princess Rebecca,13th July 2021,H J Collingridge,Filly,-,-,-
0077321,Magesq Diamond (FR),13th July 2021,C Martinon,Filly,-,-,-
0077203,Magic Artiste (FR),13th July 2021,W Himmel,Filly,-,-,-
0077318,Wild Demon (FR),13th July 2021,F Rossi,Filly,-,-,-
0077102,Wajaha (IRE),13th July 2021,J &amp; T Gosden,Filly,-,-,-
0077218,Outofoil (IRE),13th July 2021,R M Beckett,Gelding,-,-,-
0077336,Dukeofchesterwood,13th July 2021,Karen McLintock,Gelding,-,-,-
0077100,Little Calla (IRE),13th July 2021,E A L Dunlop,Filly,-,-,-
0077155,Sophie Spice (IRE),13th July 2021,A J McNamara,Filly,-,-,-
0077302,Forel,13th July 2021,J Ryan,Filly,-,-,-
0077117,Canmoss (USA),13th July 2021,A Bonin,Gelding,-,-,-
0077333,Count Paris (USA),13th July 2021,A bin Huzaim,Horse,-,-,-
0077351,Desert Party (USA),13th July 2021,Saeed bin Suroor,Colt,-,-,-
0077105,Redding Colliery (USA),13th July 2021,H Brown,Horse,-,-,-
0077132,Lost Generation (USA),13th July 2021,D Wachman,Colt,-,-,-
0077115,Aqwaal (IRE),13th July 2021,E A L Dunlop,Colt,-,-,-
0077317,Pistachette (FR),13th July 2021,D Chenu,Filly,-,-,-
0077170,Mayouta (FR),13th July 2021,Guillemin (s),Filly,-,-,-
0077178,Karuda (FR),13th July 2021,N Leenders,Filly,-,-,-
0077120,K'Gari (USA),13th July 2021,B Ellison,Gelding,-,-,-
0077194,Tanaos (FR),13th July 2021,M Pimbonnet,Gelding,-,-,-
0077130,Pilot Flame (IRE),13th July 2021,M Brassil,Filly,-,-,-
0077332,Ben's Dream (IRE),13th July 2021,A M Balding,Gelding,-,-,-
0077193,Stern Dancer (FR),13th July 2021,K Borgel,Colt,-,-,-
0077135,Western Jackpot H,13th July 2021,J Maw,Mare,-,-,-
0077277,Towers Lady (IRE),13th July 2021,D Hogan,Mare,-,-,-
0077209,Warrior One,13th July 2021,J J Hanlon,Gelding,-,-,-
0077208,Mister Bombastic (IRE),13th July 2021,N J Vaughan,Colt,-,-,-
0077224,Highly Acclaimed,13th July 2021,Mrs A Duffield,Filly,-,-,-
0077274,Ocheekobee (IRE),13th July 2021,Mrs I Barnett,Gelding,-,-,-
0077223,Grissom (IRE),13th July 2021,T D Easterby,Gelding,-,-,-
0077200,Chico Del Sol (FR),13th July 2021,J Rossi,Gelding,-,-,-
0077391,Qualviro (FR),13th July 2021,D Gibbs,Gelding,-,-,-
0077215,Chatterszaha,13th July 2021,C Drew,Filly,-,-,-
0077165,Lakand (FR),13th July 2021,R Martens,Horse,-,-,-
0077396,Courtwood Frontier (IRE),13th July 2021,M O Quigley,Gelding,-,-,-
0077406,Flying Free,13th July 2021,J Ryan,Gelding,-,-,-
0077307,Omokoroa (IRE),13th July 2021,D McCain Jnr,Gelding,-,-,-
0077393,Zarinski (IRE),13th July 2021,N J Henderson,Gelding,-,-,-
0077177,River Hunter (FR),13th July 2021,D Reveillaud,Gelding,-,-,-
0077411,Eyes Like A Hawk (IRE),13th July 2021,Jedd O'Keeffe,Filly,-,-,-
0077322,Avida Dollars (USA),13th July 2021,E Leenders,Filly,-,-,-
0077192,Saphir Dore (FR),13th July 2021,T Larriviere,Colt,-,-,-
0077408,Al Mugtareb (IRE),13th July 2021,M Johnston,Colt,-,-,-
0077175,Allybar (IRE),13th July 2021,M Al Zarooni,Colt,-,-,-
0077304,Itshim,13th July 2021,S C Williams,Gelding,-,-,-
0077337,John Fenton (IRE),13th July 2021,L Corcoran,Gelding,-,-,-
0077207,Hartley,13th July 2021,J D Bethell,Gelding,-,-,-
0077190,Fabuleux Charmeur (FR),13th July 2021,P Khozian,Colt,-,-,-
0077319,Douce Bainai (FR),13th July 2021,T Larriviere,Filly,-,-,-
0077352,Vineyard Haven (USA),13th July 2021,Saeed bin Suroor,Colt,-,-,-
0077195,Chakacha (FR),13th July 2021,D Prod'homme,Filly,-,-,-
0077222,Sir Isaac,13th July 2021,W J Haggas,Gelding,-,-,-
0077294,Oceanic Dancer (IRE),13th July 2021,Pat Morris,Filly,-,-,-
0077205,Admiral Arry,13th July 2021,J M Bradley,Gelding,-,-,-
0077269,The Bodhran Beat (IRE),13th July 2021,I A Duncan,Gelding,-,-,-
0077334,Desert Fever,13th July 2021,N A Twiston-Davies,Gelding,-,-,-
0077210,It's A Mans World,13th July 2021,B Ellison,Gelding,-,-,-
0077101,Midday,13th July 2021,Sir H R A Cecil,Mare,-,-,-
0077220,Fantastic Dubai (USA),13th July 2021,M Al Mheiri,Horse,-,-,-
0077284,Trip Six (USA),13th July 2021,M Reardon,Gelding,-,-,-
0077309,Bay Swallow (IRE),13th July 2021,P J Flynn,Mare,-,-,-
0077225,Mayorstone (IRE),13th July 2021,B Smart,Filly,-,-,-
0077116,Archie Rice,8th March 2006,J D Frost,Gelding,Arch,Gold Bowl,Frost Racing Club
0077299,Richardlionheart (USA),13th July 2021,M Madgwick,Gelding,-,-,-
0077324,Kazoma Kate (GER),13th July 2021,M Weber,Filly,-,-,-
0077392,Calm Bay,1st January 2006,H Rogers,Gelding,Medecis,Queen Sigi,Mrs M Rogers
0077308,Audrey (GER),13th July 2021,Mme E Mader,Filly,-,-,-
0077131,Golden Sword,13th July 2021,M F De Kock,Horse,-,-,-
0077314,Idomeneo (IRE),13th July 2021,H A Pantall,Mare,-,-,-
0077407,Green Velvet,13th July 2021,P J Makin,Mare,-,-,-
0077323,Lectrice (FR),13th July 2021,C Lotoux,Filly,-,-,-
0077329,Noverre To Hide (USA),13th July 2021,J R Best,Gelding,-,-,-
0077397,Tuaoi (USA),13th July 2021,Delaporte (s),Colt,-,-,-
0077275,Coben (IRE),13th July 2021,S G Griffiths,Mare,-,-,-
0077298,Louidor,13th July 2021,M R Bosley,Gelding,-,-,-
0077412,Looby Loo,13th July 2021,P W Chapple-Hyam,Filly,-,-,-
0077486,Woodberry Forest (FR),13th July 2021,R Caget,Horse,-,-,-
0077270,Gurteen Girl (IRE),13th July 2021,Miss S J Harty,Filly,-,-,-
0077313,Marendinio (FR),13th July 2021,D De Waele,Gelding,-,-,-
0077481,Simla Sunset (IRE),13th July 2021,P J Prendergast,Mare,-,-,-
0077176,Assafair (FR),13th July 2021,Mme C Dufreche,Gelding,-,-,-
0077328,Blades Princess,13th July 2021,E S McMahon,Filly,-,-,-
0077394,Brave Heart (IRE),13th July 2021,J J Hanlon,Gelding,-,-,-
0077305,Itsher,13th July 2021,S C Williams,Filly,-,-,-
0077191,Zosime (FR),13th July 2021,Jp Sabatino,Gelding,-,-,-
0077300,Super Sleuth (IRE),13th July 2021,B J Meehan,Filly,-,-,-
0077409,Tallulah's Secret,13th July 2021,J Gallagher,Filly,-,-,-
0077320,La Mutine (FR),13th July 2021,Jp Roman,Filly,-,-,-
0077206,Green Passion (USA),13th July 2021,M Johnston,Gelding,-,-,-
0077315,Dream Like Turtle (IRE),13th July 2021,J Parize,Gelding,-,-,-
0077483,Mannin Beach (IRE),13th July 2021,C F Swan,Gelding,-,-,-
0077335,Seek N' Destroy (IRE),13th July 2021,B W Hills,Colt,-,-,-
0077297,Itainteasybeingme,13th July 2021,J R Boyle,Colt,-,-,-
0077399,Perspicace (FR),13th July 2021,N Leenders,Filly,-,-,-
0077330,Aladdin's Lamp (IRE),13th July 2021,M Johnston,Colt,-,-,-
0077221,Marbled Cat (USA),13th July 2021,Niall O'Callaghan,Colt,-,-,-
0077312,Perfect Truth (IRE),13th July 2021,A P O'Brien,Filly,-,-,-
0077414,Dr Jameson (IRE),13th July 2021,R A Fahey,Gelding,-,-,-
0077295,Valdemar,13th July 2021,J R Weymes,Gelding,-,-,-
0077327,Mishrif (USA),13th July 2021,J R Jenkins,Gelding,-,-,-
0077310,Indian Jewel (IRE),13th July 2021,D Miley,Filly,-,-,-
0077482,Here Comes Billy (IRE),13th July 2021,M J Fitzgerald,Gelding,-,-,-
0077398,Icy River (FR),13th July 2021,P Monfort,Gelding,-,-,-
0077325,Andean Margin (IRE),13th July 2021,M W Easterby,Gelding,-,-,-
0077413,Simplification,13th July 2021,R Hannon,Filly,-,-,-
0077404,Seradim,13th July 2021,P &amp; O Cole,Filly,-,-,-
0077487,Josephine Light (FR),13th July 2021,Fertillet (s),Filly,-,-,-
0077561,King's La Mont (IRE),13th July 2021,Mrs A J Perrett,Colt,-,-,-
0077556,Pursuit of Purpose,13th July 2021,P Sharp,Mare,-,-,-
0077395,Courella (IRE),13th July 2021,Evan Williams,Gelding,-,-,-
0077403,Save The Day,13th July 2021,M Johnston,Filly,-,-,-
0077410,Tricky Trev (USA),13th July 2021,Miss J S Davis,Gelding,-,-,-
0077558,Sri Kandi,13th July 2021,P &amp; O Cole,Filly,-,-,-
0077484,Addison de Witt,13th July 2021,Micky Hammond,Gelding,-,-,-
0077296,Inis Boffin,13th July 2021,S Kirk,Filly,-,-,-
0077405,Tiger Eye (IRE),13th July 2021,M A Jarvis,Filly,-,-,-
0077433,Join in the Dance (USA),13th July 2021,Steve Margolis,Horse,-,-,-
0077489,Antares Du Berlais (FR),13th July 2021,Robert Collet,Filly,-,-,-
0077311,Island Breeze (IRE),13th July 2021,A Oliver,Filly,-,-,-
0077326,Fantino,13th July 2021,P G Murphy,Gelding,-,-,-
0077402,Intense,13th July 2021,B W Hills,Filly,-,-,-
0077400,Smatch (FR),13th July 2021,T Mercier,Gelding,-,-,-
0077417,Stevies Song,13th July 2021,D Flood,Filly,-,-,-
0077478,Drombeg Dawn (IRE),13th July 2021,A J McNamara,Filly,-,-,-
0077488,Montagne Lointaine (IRE),13th July 2021,F Lemercier,Filly,-,-,-
0077557,Simple Solution (USA),13th July 2021,B W Hills,Filly,-,-,-
0077415,Hey Up Dad,13th July 2021,M Dods,Gelding,-,-,-
0077493,Madam Homberg (IRE),13th July 2021,G Stack,Filly,-,-,-
0077534,Sabino (USA),13th July 2021,Michael Bennett,Gelding,-,-,-
0077562,Light Sleeper,13th July 2021,P W Chapple-Hyam,Colt,-,-,-
0077572,Just A Coincidence (USA),13th July 2021,Jon Arnett,Horse,-,-,-
0077479,Indian Haze (IRE),13th July 2021,D M Loughnane,Filly,-,-,-
0077616,Persistently (USA),13th July 2021,Claude McGaughey,Filly,-,-,-
0077485,Il Maestro (FR),13th July 2021,A Fracas,Gelding,-,-,-
0077494,Lancetto (FR),13th July 2021,Evan Williams,Gelding,-,-,-
0077631,Chilkoot Pass (USA),13th July 2021,Richard Morden,Gelding,-,-,-
0077559,Straits of Hormuz (USA),13th July 2021,Ian Williams,Filly,-,-,-
0077564,Monetary Fund (USA),13th July 2021,Miss V Williams,Gelding,-,-,-
0077636,Lana's Charm,13th July 2021,P J Makin,Filly,-,-,-
0077646,Billy No Mates,20th February 2016,M Dods,Gelding,Clodovil,Sabaidee,Mr J Sagar And Mr M Dods
0077574,Masked Man (USA),13th July 2021,Amanda Gregory,Gelding,-,-,-
0077480,Jays Secret (IRE),13th July 2021,H Rogers,Filly,-,-,-
0077651,Vertigo On Course (IRE),13th July 2021,R A Fahey,Mare,-,-,-
0077648,Locky (IRE),13th July 2021,P Meany,Gelding,-,-,-
0077495,Matin De Clermont (FR),13th July 2021,Y Fouin,Gelding,-,-,-
0077666,Seven Shamrocks (IRE),13th July 2021,C Boutin,Filly,-,-,-
0077401,Gamila (USA),13th July 2021,Saeed bin Suroor,Filly,-,-,-
0077477,Cluain Fhada (USA),13th July 2021,Miss M A Doran,Filly,-,-,-
0077681,Lady General (USA),13th July 2021,Lynn Ashby,Filly,-,-,-
0077676,Khodjend (FR),13th July 2021,X Puleo,Gelding,-,-,-
0077416,Skybob,13th July 2021,D Thompson,Gelding,-,-,-
0077678,Draaz (USA),13th July 2021,Michael Pino,Gelding,-,-,-
0077563,Marching Time,13th July 2021,D Watson,Gelding,-,-,-
0077490,Rento (FR),13th July 2021,F X Belvisi,Gelding,-,-,-
0077492,American Mail (FR),13th July 2021,G Taupin,Gelding,-,-,-
0077637,Floods of Tears,13th July 2021,I W McInnes,Filly,-,-,-
0077554,Capitelli (IRE),13th July 2021,R Hannon,Filly,-,-,-
0077711,Abigail's Aunt,13th July 2021,J S Bolger,Filly,-,-,-
0077569,Munnings (USA),13th July 2021,Todd Pletcher,Colt,-,-,-
0077647,Watch This,13th July 2021,Miss S Collins,Gelding,-,-,-
0077726,Minute Limit (IRE),13th July 2021,J A Osborne,Mare,-,-,-
0077634,Belated Silver (IRE),13th July 2021,Tom Dascombe,Gelding,-,-,-
0077560,Capeability (IRE),13th July 2021,M R Channon,Gelding,-,-,-
0077708,Bonnie Bea,13th July 2021,B I Case,Filly,-,-,-
0077741,Tuppenny Piece,13th July 2021,A King,Filly,-,-,-
0077721,Park Melody (IRE),13th July 2021,B J Meehan,Filly,-,-,-
0077649,Aljohara (IRE),13th July 2021,David O'connor,Filly,-,-,-
0077723,Winged Harriet (IRE),13th July 2021,W J Haggas,Filly,-,-,-
0077736,Penzena,13th July 2021,A M Balding,Filly,-,-,-
0077667,Davitesse (GER),13th July 2021,M Nigge,Filly,-,-,-
0077756,Farleigh,13th July 2021,A M Hales,Mare,-,-,-
0077639,Here Comes Danny,13th July 2021,M Wigham,Gelding,-,-,-
0077738,Princess Cagliari,13th July 2021,R Hannon,Filly,-,-,-
0077751,La Capriosa,13th July 2021,S Dixon,Mare,-,-,-
0077682,Triumphs Pearl (USA),13th July 2021,Maureen Stillwell,Filly,-,-,-
0077555,Especially Special (IRE),13th July 2021,Peter Grayson,Filly,-,-,-
0077677,Weardi (FR),13th July 2021,Mlle C Brandstatter,Gelding,-,-,-
0077753,Marillos Proterras,13th July 2021,Mrs A Duffield,Filly,-,-,-
0077766,Vivaldi Du Pecos (FR),13th July 2021,S Morineau,Filly,-,-,-
0077768,Leewan De L'orme (FR),13th July 2021,S Morineau,Filly,-,-,-
0077771,Charleval (FR),13th July 2021,C Diard,Gelding,-,-,-
0077781,Rising Kheleyf (IRE),13th July 2021,John Harris,Gelding,-,-,-
0077669,Ashaaq,13th July 2021,F Head,Colt,-,-,-
0077796,Chilly Filly (IRE),13th July 2021,B Ellison,Mare,-,-,-
0077783,Zelos Diktator,13th July 2021,C Fryer,Gelding,-,-,-
0077786,Princess Rainbow (FR),13th July 2021,J Candlish,Mare,-,-,-
0077679,Pleasant Thoughts (USA),13th July 2021,Ralph Nicks,Gelding,-,-,-
0077811,Our Angel,13th July 2021,E J Alston,Filly,-,-,-
0077801,Loulou (USA),13th July 2021,S A Callaghan,Filly,-,-,-
0077798,Golden Stream (IRE),13th July 2021,Sir Michael Stoute,Filly,-,-,-
0077712,Arabian Mirage,13th July 2021,B J Meehan,Filly,-,-,-
0077816,Pearl of Manacor (IRE),13th July 2021,M R Channon,Gelding,-,-,-
0077491,Lui Rei (ITY),13th July 2021,F Nass,Gelding,-,-,-
0077727,Spinning Well (IRE),13th July 2021,R M Beckett,Filly,-,-,-
0077813,Glen Molly (IRE),13th July 2021,B W Hills,Filly,-,-,-
0077742,Arabian Silk (IRE),13th July 2021,D McCain Jnr,Filly,-,-,-
